Date,cms
1/1/2008,12.120
1/2/2008,11.695
1/3/2008,11.298
1/4/2008,9.826
1/5/2008,7.872
1/6/2008,6.201
1/7/2008,4.984
1/8/2008,4.191
1/9/2008,3.681
1/10/2008,3.426
1/11/2008,3.370
1/12/2008,3.426
1/13/2008,3.568
1/14/2008,3.596
1/15/2008,3.568
1/16/2008,5.097
1/17/2008,12.403
1/18/2008,12.912
1/19/2008,12.714
1/20/2008,20.077
1/21/2008,18.746
1/22/2008,16.197
1/23/2008,14.781
1/24/2008,23.758
1/25/2008,41.059
1/26/2008,49.554
1/27/2008,52.669
1/28/2008,45.024
1/29/2008,37.378
1/30/2008,38.511
1/31/2008,43.325
2/1/2008,72.491
2/2/2008,83.535
2/3/2008,77.871
2/4/2008,63.430
2/5/2008,55.784
2/6/2008,53.236
2/7/2008,51.820
2/8/2008,47.289
2/9/2008,43.042
2/10/2008,39.360
2/11/2008,37.095
2/12/2008,31.149
2/13/2008,25.570
2/14/2008,24.891
2/15/2008,23.503
2/16/2008,24.551
2/17/2008,54.368
2/18/2008,84.101
2/19/2008,102.790
2/20/2008,106.755
2/21/2008,108.454
2/22/2008,112.701
2/23/2008,116.099
2/24/2008,123.178
2/25/2008,138.469
2/26/2008,172.733
2/27/2008,256.551
2/28/2008,256.834
2/29/2008,197.652
3/1/2008,146.115
3/2/2008,112.135
3/3/2008,87.216
3/4/2008,64.562
3/5/2008,41.626
3/6/2008,27.779
3/7/2008,22.738
3/8/2008,23.928
3/9/2008,27.184
3/10/2008,28.883
3/11/2008,41.343
3/12/2008,55.784
3/13/2008,55.784
3/14/2008,50.687
3/15/2008,44.174
3/16/2008,40.776
3/17/2008,38.511
3/18/2008,36.529
3/19/2008,33.697
3/20/2008,27.977
3/21/2008,20.275
3/22/2008,14.810
3/23/2008,11.751
3/24/2008,9.996
3/25/2008,9.061
3/26/2008,8.382
3/27/2008,7.787
3/28/2008,7.277
3/29/2008,6.824
3/30/2008,6.456
3/31/2008,6.145
4/1/2008,5.890
4/2/2008,5.635
4/3/2008,6.371
4/4/2008,10.562
4/5/2008,18.151
4/6/2008,24.466
4/7/2008,29.733
4/8/2008,35.113
4/9/2008,39.644
4/10/2008,40.493
4/11/2008,36.812
4/12/2008,34.547
4/13/2008,31.998
4/14/2008,25.797
4/15/2008,16.084
4/16/2008,9.373
4/17/2008,6.683
4/18/2008,5.635
4/19/2008,5.154
4/20/2008,4.757
4/21/2008,4.417
4/22/2008,4.078
4/23/2008,5.210
4/24/2008,13.139
4/25/2008,16.169
4/26/2008,21.323
4/27/2008,21.691
4/28/2008,24.069
4/29/2008,24.126
4/30/2008,20.105
5/1/2008,14.781
5/2/2008,10.336
5/3/2008,7.759
5/4/2008,18.349
5/5/2008,17.585
5/6/2008,9.883
5/7/2008,6.230
5/8/2008,5.069
5/9/2008,4.502
5/10/2008,4.134
5/11/2008,3.766
5/12/2008,3.398
5/13/2008,3.143
5/14/2008,3.285
5/15/2008,12.629
5/16/2008,26.023
5/17/2008,19.878
5/18/2008,16.084
5/19/2008,14.243
5/20/2008,15.574
5/21/2008,19.142
5/22/2008,25.542
5/23/2008,33.131
5/24/2008,38.228
5/25/2008,33.980
5/26/2008,17.613
5/27/2008,6.796
5/28/2008,3.851
5/29/2008,2.917
5/30/2008,2.602
5/31/2008,2.421
6/1/2008,2.330
6/2/2008,2.206
6/3/2008,2.554
6/4/2008,2.775
6/5/2008,2.469
6/6/2008,2.110
6/7/2008,1.826
6/8/2008,1.620
6/9/2008,1.470
6/10/2008,1.359
6/11/2008,1.266
6/12/2008,1.161
6/13/2008,1.102
6/14/2008,1.031
6/15/2008,0.994
6/16/2008,0.946
6/17/2008,0.889
6/18/2008,0.869
6/19/2008,1.116
6/20/2008,1.342
6/21/2008,1.274
6/22/2008,4.446
6/23/2008,4.332
6/24/2008,2.328
6/25/2008,1.583
6/26/2008,1.450
6/27/2008,1.475
6/28/2008,1.402
6/29/2008,1.314
6/30/2008,1.402
7/1/2008,1.945
7/2/2008,1.770
7/3/2008,1.676
7/4/2008,1.504
7/5/2008,1.390
7/6/2008,1.286
7/7/2008,1.184
7/8/2008,1.130
7/9/2008,1.051
7/10/2008,1.036
7/11/2008,1.076
7/12/2008,1.119
7/13/2008,1.005
7/14/2008,0.968
7/15/2008,1.096
7/16/2008,0.994
7/17/2008,0.940
7/18/2008,0.917
7/19/2008,0.889
7/20/2008,0.872
7/21/2008,0.858
7/22/2008,0.898
7/23/2008,0.883
7/24/2008,0.895
7/25/2008,0.974
7/26/2008,0.934
7/27/2008,0.915
7/28/2008,0.909
7/29/2008,0.883
7/30/2008,0.892
7/31/2008,0.915
8/1/2008,0.892
8/2/2008,0.869
8/3/2008,0.980
8/4/2008,1.068
8/5/2008,1.104
8/6/2008,0.980
8/7/2008,0.957
8/8/2008,0.934
8/9/2008,0.892
8/10/2008,0.850
8/11/2008,0.850
8/12/2008,0.875
8/13/2008,0.917
8/14/2008,0.861
8/15/2008,0.866
8/16/2008,0.861
8/17/2008,0.932
8/18/2008,1.062
8/19/2008,1.133
8/20/2008,1.192
8/21/2008,1.348
8/22/2008,1.812
8/23/2008,1.846
8/24/2008,1.676
8/25/2008,1.501
8/26/2008,1.535
8/27/2008,2.010
8/28/2008,1.866
8/29/2008,1.597
8/30/2008,1.402
8/31/2008,1.260
9/1/2008,1.195
9/2/2008,1.761
9/3/2008,18.887
9/4/2008,82.968
9/5/2008,241.543
9/6/2008,267.594
9/7/2008,176.980
9/8/2008,92.030
9/9/2008,53.236
9/10/2008,44.457
9/11/2008,41.343
9/12/2008,33.131
9/13/2008,29.450
9/14/2008,55.218
9/15/2008,265.329
9/16/2008,368.119
9/17/2008,291.664
9/18/2008,162.256
9/19/2008,65.412
9/20/2008,39.927
9/21/2008,37.378
9/22/2008,36.812
9/23/2008,32.564
9/24/2008,23.899
9/25/2008,14.357
9/26/2008,8.269
9/27/2008,5.607
9/28/2008,4.134
9/29/2008,3.511
9/30/2008,3.285
10/1/2008,3.200
10/2/2008,3.002
10/3/2008,2.820
10/4/2008,2.662
10/5/2008,2.503
10/6/2008,2.370
10/7/2008,4.417
10/8/2008,6.230
10/9/2008,3.511
10/10/2008,2.752
10/11/2008,2.384
10/12/2008,2.192
10/13/2008,2.070
10/14/2008,2.019
10/15/2008,2.112
10/16/2008,2.347
10/17/2008,2.537
10/18/2008,2.435
10/19/2008,2.197
10/20/2008,2.053
10/21/2008,1.945
10/22/2008,1.855
10/23/2008,1.790
10/24/2008,1.739
10/25/2008,1.682
10/26/2008,1.628
10/27/2008,1.555
10/28/2008,1.512
10/29/2008,1.453
10/30/2008,1.419
10/31/2008,1.379
11/1/2008,1.351
11/2/2008,1.317
11/3/2008,1.280
11/4/2008,1.254
11/5/2008,1.195
11/6/2008,1.161
11/7/2008,1.136
11/8/2008,1.127
11/9/2008,1.099
11/10/2008,1.073
11/11/2008,1.025
11/12/2008,1.354
11/13/2008,7.646
11/14/2008,6.371
11/15/2008,3.398
11/16/2008,2.798
11/17/2008,3.483
11/18/2008,5.409
11/19/2008,7.419
11/20/2008,8.920
11/21/2008,9.260
11/22/2008,8.382
11/23/2008,6.343
11/24/2008,4.219
11/25/2008,3.115
11/26/2008,2.682
11/27/2008,2.424
11/28/2008,2.180
11/29/2008,2.036
11/30/2008,1.894
12/1/2008,2.288
12/2/2008,4.927
12/3/2008,8.070
12/4/2008,10.477
12/5/2008,13.875
12/6/2008,14.725
12/7/2008,11.780
12/8/2008,8.807
12/9/2008,7.051
12/10/2008,12.063
12/11/2008,34.263
12/12/2008,56.067
12/13/2008,70.792
12/14/2008,74.473
12/15/2008,75.040
12/16/2008,69.659
12/17/2008,68.244
12/18/2008,82.402
12/19/2008,99.109
12/20/2008,99.109
12/21/2008,85.800
12/22/2008,69.943
12/23/2008,56.067
12/24/2008,43.608
12/25/2008,35.679
12/26/2008,37.661
12/27/2008,36.246
12/28/2008,38.511
12/29/2008,45.024
12/30/2008,43.325
12/31/2008,40.493
1/1/2009,37.378
1/2/2009,35.962
1/3/2009,35.679
1/4/2009,36.246
1/5/2009,42.192
1/6/2009,43.891
1/7/2009,43.325
1/8/2009,38.794
1/9/2009,30.865
1/10/2009,25.570
1/11/2009,22.144
1/12/2009,19.709
1/13/2009,17.981
1/14/2009,16.537
1/15/2009,14.611
1/16/2009,12.091
1/17/2009,9.713
1/18/2009,7.985
1/19/2009,6.853
1/20/2009,6.003
1/21/2009,5.352
1/22/2009,4.899
1/23/2009,4.559
1/24/2009,4.276
1/25/2009,4.049
1/26/2009,3.823
1/27/2009,3.625
1/28/2009,3.568
1/29/2009,3.398
1/30/2009,3.285
1/31/2009,3.200
2/1/2009,3.171
2/2/2009,3.143
2/3/2009,3.171
2/4/2009,3.681
2/5/2009,4.757
2/6/2009,4.729
2/7/2009,4.644
2/8/2009,4.842
2/9/2009,4.842
2/10/2009,4.559
2/11/2009,4.191
2/12/2009,3.738
2/13/2009,3.766
2/14/2009,6.966
2/15/2009,14.442
2/16/2009,21.124
2/17/2009,27.892
2/18/2009,26.221
2/19/2009,21.832
2/20/2009,19.737
2/21/2009,18.972
2/22/2009,18.208
2/23/2009,16.707
2/24/2009,14.215
2/25/2009,10.760
2/26/2009,7.844
2/27/2009,6.145
2/28/2009,5.125
3/1/2009,4.446
3/2/2009,3.936
3/3/2009,3.568
3/4/2009,3.313
3/5/2009,3.143
3/6/2009,2.973
3/7/2009,2.832
3/8/2009,2.747
3/9/2009,2.662
3/10/2009,2.577
3/11/2009,2.489
3/12/2009,2.427
3/13/2009,2.492
3/14/2009,6.258
3/15/2009,21.323
3/16/2009,36.529
3/17/2009,43.325
3/18/2009,42.192
3/19/2009,42.192
3/20/2009,50.687
3/21/2009,82.402
3/22/2009,118.931
3/23/2009,119.214
3/24/2009,97.127
3/25/2009,71.925
3/26/2009,52.953
3/27/2009,54.652
3/28/2009,79.854
3/29/2009,102.507
3/30/2009,121.196
3/31/2009,120.347
4/1/2009,122.612
4/2/2009,145.832
4/3/2009,162.822
4/4/2009,145.265
4/5/2009,117.232
4/6/2009,91.463
4/7/2009,66.828
4/8/2009,41.626
4/9/2009,24.466
4/10/2009,16.933
4/11/2009,12.856
4/12/2009,10.194
4/13/2009,12.346
4/14/2009,19.340
4/15/2009,16.849
4/16/2009,11.695
4/17/2009,10.817
4/18/2009,45.024
4/19/2009,150.646
4/20/2009,215.208
4/21/2009,231.915
4/22/2009,205.863
4/23/2009,132.806
4/24/2009,119.214
4/25/2009,172.166
4/26/2009,171.600
4/27/2009,135.071
4/28/2009,107.604
4/29/2009,82.968
4/30/2009,51.537
5/1/2009,25.598
5/2/2009,14.102
5/3/2009,20.473
5/4/2009,99.958
5/5/2009,117.232
5/6/2009,105.056
5/7/2009,68.244
5/8/2009,35.113
5/9/2009,22.908
5/10/2009,17.641
5/11/2009,13.592
5/12/2009,12.658
5/13/2009,10.081
5/14/2009,8.155
5/15/2009,5.975
5/16/2009,4.644
5/17/2009,5.295
5/18/2009,5.324
5/19/2009,5.267
5/20/2009,4.672
5/21/2009,3.908
5/22/2009,3.370
5/23/2009,3.171
5/24/2009,3.058
5/25/2009,3.002
5/26/2009,3.030
5/27/2009,2.945
5/28/2009,3.058
5/29/2009,5.239
5/30/2009,4.842
5/31/2009,3.908
6/1/2009,4.191
6/2/2009,4.078
6/3/2009,3.455
6/4/2009,3.002
6/5/2009,2.718
6/6/2009,2.469
6/7/2009,2.322
6/8/2009,2.186
6/9/2009,2.081
6/10/2009,2.084
6/11/2009,2.345
6/12/2009,2.407
6/13/2009,2.291
6/14/2009,2.033
6/15/2009,1.872
6/16/2009,1.750
6/17/2009,1.637
6/18/2009,1.535
6/19/2009,1.450
6/20/2009,1.393
6/21/2009,1.311
6/22/2009,1.254
6/23/2009,1.192
6/24/2009,1.133
6/25/2009,1.082
6/26/2009,1.096
6/27/2009,1.042
6/28/2009,0.988
6/29/2009,0.971
6/30/2009,0.951
7/1/2009,0.917
7/2/2009,0.892
7/3/2009,0.889
7/4/2009,0.838
7/5/2009,0.804
7/6/2009,0.767
7/7/2009,0.765
7/8/2009,0.784
7/9/2009,0.796
7/10/2009,0.762
7/11/2009,0.767
7/12/2009,0.733
7/13/2009,0.716
7/14/2009,0.682
7/15/2009,0.702
7/16/2009,0.773
7/17/2009,0.861
7/18/2009,1.014
7/19/2009,0.932
7/20/2009,0.963
7/21/2009,0.824
7/22/2009,0.909
7/23/2009,1.028
7/24/2009,1.082
7/25/2009,1.079
7/26/2009,1.119
7/27/2009,1.362
7/28/2009,1.396
7/29/2009,1.359
7/30/2009,1.467
7/31/2009,1.382
8/1/2009,1.254
8/2/2009,1.133
8/3/2009,1.059
8/4/2009,1.220
8/5/2009,1.713
8/6/2009,2.302
8/7/2009,2.398
8/8/2009,2.129
8/9/2009,1.832
8/10/2009,1.557
8/11/2009,1.342
8/12/2009,1.189
8/13/2009,1.042
8/14/2009,0.923
8/15/2009,0.835
8/16/2009,0.770
8/17/2009,0.801
8/18/2009,0.977
8/19/2009,0.917
8/20/2009,0.759
8/21/2009,0.813
8/22/2009,0.929
8/23/2009,0.844
8/24/2009,0.657
8/25/2009,0.575
8/26/2009,0.572
8/27/2009,0.705
8/28/2009,0.714
8/29/2009,0.801
8/30/2009,0.688
8/31/2009,0.561
9/1/2009,0.481
9/2/2009,0.453
9/3/2009,0.439
9/4/2009,0.408
9/5/2009,0.368
9/6/2009,0.326
9/7/2009,0.309
9/8/2009,0.294
9/9/2009,0.289
9/10/2009,0.276
9/11/2009,0.286
9/12/2009,0.326
9/13/2009,0.442
9/14/2009,0.527
9/15/2009,0.464
9/16/2009,0.479
9/17/2009,0.459
9/18/2009,0.439
9/19/2009,0.634
9/20/2009,1.413
9/21/2009,2.192
9/22/2009,2.676
9/23/2009,2.888
9/24/2009,2.707
9/25/2009,2.217
9/26/2009,1.812
9/27/2009,1.540
9/28/2009,1.345
9/29/2009,1.206
9/30/2009,1.090
10/1/2009,0.985
10/2/2009,1.000
10/3/2009,0.997
10/4/2009,1.053
10/5/2009,1.283
10/6/2009,1.498
10/7/2009,1.996
10/8/2009,3.030
10/9/2009,4.021
10/10/2009,6.456
10/11/2009,6.994
10/12/2009,5.239
10/13/2009,3.681
10/14/2009,17.670
10/15/2009,31.149
10/16/2009,21.039
10/17/2009,10.137
10/18/2009,5.890
10/19/2009,5.777
10/20/2009,7.051
10/21/2009,8.042
10/22/2009,10.222
10/23/2009,35.396
10/24/2009,33.697
10/25/2009,17.018
10/26/2009,10.421
10/27/2009,22.993
10/28/2009,37.378
10/29/2009,30.582
10/30/2009,42.192
10/31/2009,114.683
11/1/2009,131.957
11/2/2009,112.984
11/3/2009,81.553
11/4/2009,107.604
11/5/2009,223.986
11/6/2009,192.838
11/7/2009,139.885
11/8/2009,108.170
11/9/2009,85.234
11/10/2009,64.846
11/11/2009,40.776
11/12/2009,21.408
11/13/2009,12.884
11/14/2009,9.231
11/15/2009,7.108
11/16/2009,5.862
11/17/2009,5.097
11/18/2009,4.474
11/19/2009,3.936
11/20/2009,3.540
11/21/2009,3.653
11/22/2009,6.994
11/23/2009,9.939
11/24/2009,7.872
11/25/2009,6.994
11/26/2009,8.014
11/27/2009,10.902
11/28/2009,13.649
11/29/2009,15.178
11/30/2009,14.923
12/1/2009,13.167
12/2/2009,12.403
12/3/2009,16.707
12/4/2009,16.452
12/5/2009,15.631
12/6/2009,16.197
12/7/2009,18.293
12/8/2009,24.041
12/9/2009,38.794
12/10/2009,44.741
12/11/2009,40.776
12/12/2009,39.360
12/13/2009,54.935
12/14/2009,67.677
12/15/2009,93.446
12/16/2009,101.374
12/17/2009,100.808
12/18/2009,107.321
12/19/2009,107.887
12/20/2009,99.392
12/21/2009,127.426
12/22/2009,158.858
12/23/2009,140.168
12/24/2009,120.347
12/25/2009,117.798
12/26/2009,109.869
12/27/2009,87.499
12/28/2009,65.695
12/29/2009,50.687
12/30/2009,51.537
12/31/2009,82.119
1/1/2010,96.844
1/2/2010,98.543
1/3/2010,89.764
1/4/2010,76.172
1/5/2010,58.616
1/6/2010,45.307
1/7/2010,37.945
1/8/2010,33.980
1/9/2010,30.582
1/10/2010,25.485
1/11/2010,21.379
1/12/2010,19.340
1/13/2010,18.094
1/14/2010,16.650
1/15/2010,15.036
1/16/2010,14.045
1/17/2010,23.163
1/18/2010,32.281
1/19/2010,34.830
1/20/2010,34.263
1/21/2010,32.564
1/22/2010,34.263
1/23/2010,35.396
1/24/2010,36.246
1/25/2010,37.095
1/26/2010,33.131
1/27/2010,27.467
1/28/2010,20.983
1/29/2010,33.697
1/30/2010,82.685
1/31/2010,75.323
2/1/2010,62.297
2/2/2010,48.705
2/3/2010,41.909
2/4/2010,57.483
2/5/2010,105.905
2/6/2010,131.107
2/7/2010,145.549
2/8/2010,139.319
2/9/2010,146.115
2/10/2010,180.661
2/11/2010,187.174
2/12/2010,184.343
2/13/2010,177.263
2/14/2010,156.026
2/15/2010,136.204
2/16/2010,119.497
2/17/2010,102.790
2/18/2010,93.446
2/19/2010,84.667
2/20/2010,76.172
2/21/2010,69.659
2/22/2010,68.527
2/23/2010,54.652
2/24/2010,36.529
2/25/2010,26.618
2/26/2010,20.983
2/27/2010,28.883
2/28/2010,37.095
3/1/2010,38.794
3/2/2010,55.218
3/3/2010,65.129
3/4/2010,62.297
3/5/2010,60.032
3/6/2010,57.483
3/7/2010,58.899
3/8/2010,63.713
3/9/2010,68.810
3/10/2010,71.642
3/11/2010,68.244
3/12/2010,54.652
3/13/2010,34.830
3/14/2010,22.908
3/15/2010,17.528
3/16/2010,14.527
3/17/2010,12.403
3/18/2010,10.902
3/19/2010,9.656
3/20/2010,8.665
3/21/2010,8.014
3/22/2010,7.419
3/23/2010,6.966
3/24/2010,6.598
3/25/2010,6.400
3/26/2010,6.909
3/27/2010,6.796
3/28/2010,6.739
3/29/2010,7.334
3/30/2010,8.976
3/31/2010,10.166
4/1/2010,9.628
4/2/2010,8.325
4/3/2010,7.334
4/4/2010,6.541
4/5/2010,5.975
4/6/2010,5.522
4/7/2010,5.182
4/8/2010,4.842
4/9/2010,4.587
4/10/2010,4.332
4/11/2010,4.078
4/12/2010,3.823
4/13/2010,3.596
4/14/2010,3.370
4/15/2010,3.256
4/16/2010,3.285
4/17/2010,3.115
4/18/2010,2.973
4/19/2010,3.030
4/20/2010,3.483
4/21/2010,2.973
4/22/2010,2.656
4/23/2010,2.483
4/24/2010,2.350
4/25/2010,2.251
4/26/2010,2.192
4/27/2010,2.121
4/28/2010,2.056
4/29/2010,1.962
4/30/2010,1.911
5/1/2010,1.900
5/2/2010,1.883
5/3/2010,1.843
5/4/2010,1.798
5/5/2010,1.758
5/6/2010,1.713
5/7/2010,1.676
5/8/2010,1.651
5/9/2010,1.625
5/10/2010,1.597
5/11/2010,1.577
5/12/2010,1.552
5/13/2010,1.532
5/14/2010,1.515
5/15/2010,1.577
5/16/2010,1.773
5/17/2010,1.688
5/18/2010,1.563
5/19/2010,1.518
5/20/2010,1.495
5/21/2010,1.489
5/22/2010,1.489
5/23/2010,1.504
5/24/2010,1.492
5/25/2010,1.467
5/26/2010,1.447
5/27/2010,1.424
5/28/2010,1.419
5/29/2010,1.424
5/30/2010,1.419
5/31/2010,1.461
6/1/2010,1.444
6/2/2010,1.388
6/3/2010,1.413
6/4/2010,1.472
6/5/2010,1.640
6/6/2010,1.625
6/7/2010,1.538
6/8/2010,1.563
6/9/2010,1.628
6/10/2010,1.608
6/11/2010,1.549
6/12/2010,1.472
6/13/2010,1.430
6/14/2010,1.393
6/15/2010,1.359
6/16/2010,1.331
6/17/2010,1.303
6/18/2010,1.280
6/19/2010,1.254
6/20/2010,1.232
6/21/2010,1.220
6/22/2010,1.226
6/23/2010,1.198
6/24/2010,1.257
6/25/2010,1.407
6/26/2010,1.311
6/27/2010,1.235
6/28/2010,1.206
6/29/2010,1.184
6/30/2010,1.206
7/1/2010,1.320
7/2/2010,1.611
7/3/2010,1.863
7/4/2010,1.572
7/5/2010,1.444
7/6/2010,1.909
7/7/2010,2.042
7/8/2010,1.600
7/9/2010,1.540
7/10/2010,1.376
7/11/2010,1.294
7/12/2010,1.254
7/13/2010,1.235
7/14/2010,1.215
7/15/2010,1.186
7/16/2010,1.155
7/17/2010,1.147
7/18/2010,1.144
7/19/2010,1.390
7/20/2010,1.671
7/21/2010,1.436
7/22/2010,1.277
7/23/2010,1.209
7/24/2010,1.161
7/25/2010,1.192
7/26/2010,1.240
7/27/2010,1.308
7/28/2010,1.453
7/29/2010,1.489
7/30/2010,1.371
7/31/2010,1.269
8/1/2010,1.198
8/2/2010,1.155
8/3/2010,1.119
8/4/2010,1.096
8/5/2010,1.085
8/6/2010,1.093
8/7/2010,1.209
8/8/2010,1.099
8/9/2010,1.082
8/10/2010,1.079
8/11/2010,1.068
8/12/2010,1.051
8/13/2010,1.045
8/14/2010,1.036
8/15/2010,1.022
8/16/2010,1.028
8/17/2010,1.036
8/18/2010,1.107
8/19/2010,1.031
8/20/2010,1.019
8/21/2010,1.005
8/22/2010,1.008
8/23/2010,1.011
8/24/2010,1.045
8/25/2010,1.031
8/26/2010,0.983
8/27/2010,0.977
8/28/2010,0.977
8/29/2010,0.977
8/30/2010,0.971
8/31/2010,0.985
9/1/2010,0.957
9/2/2010,0.943
9/3/2010,0.937
9/4/2010,0.966
9/5/2010,0.929
9/6/2010,0.912
9/7/2010,0.903
9/8/2010,0.903
9/9/2010,0.898
9/10/2010,0.889
9/11/2010,0.883
9/12/2010,0.934
9/13/2010,1.169
9/14/2010,0.968
9/15/2010,0.906
9/16/2010,0.886
9/17/2010,0.875
9/18/2010,0.869
9/19/2010,0.861
9/20/2010,0.852
9/21/2010,0.844
9/22/2010,0.841
9/23/2010,0.841
9/24/2010,0.844
9/25/2010,0.866
9/26/2010,1.002
9/27/2010,0.940
9/28/2010,0.895
9/29/2010,0.861
9/30/2010,0.844
10/1/2010,0.833
10/2/2010,0.827
10/3/2010,0.821
10/4/2010,0.821
10/5/2010,0.818
10/6/2010,0.816
10/7/2010,0.813
10/8/2010,0.810
10/9/2010,0.801
10/10/2010,0.796
10/11/2010,0.796
10/12/2010,0.818
10/13/2010,0.827
10/14/2010,0.847
10/15/2010,0.838
10/16/2010,0.813
10/17/2010,0.804
10/18/2010,0.799
10/19/2010,0.793
10/20/2010,0.787
10/21/2010,0.784
10/22/2010,0.776
10/23/2010,0.773
10/24/2010,0.770
10/25/2010,0.765
10/26/2010,0.762
10/27/2010,0.782
10/28/2010,0.776
10/29/2010,0.767
10/30/2010,0.773
10/31/2010,0.773
11/1/2010,0.796
11/2/2010,0.957
11/3/2010,1.164
11/4/2010,1.070
11/5/2010,0.977
11/6/2010,0.943
11/7/2010,0.923
11/8/2010,0.906
11/9/2010,0.903
11/10/2010,0.917
11/11/2010,0.909
11/12/2010,0.895
11/13/2010,0.886
11/14/2010,0.889
11/15/2010,0.940
11/16/2010,0.974
11/17/2010,0.977
11/18/2010,0.937
11/19/2010,0.934
11/20/2010,0.926
11/21/2010,0.915
11/22/2010,0.920
11/23/2010,0.946
11/24/2010,0.940
11/25/2010,0.932
11/26/2010,0.949
11/27/2010,0.951
11/28/2010,0.940
11/29/2010,0.923
11/30/2010,1.014
12/1/2010,1.079
12/2/2010,1.062
12/3/2010,1.082
12/4/2010,1.056
12/5/2010,1.034
12/6/2010,1.025
12/7/2010,1.019
12/8/2010,1.014
12/9/2010,1.011
12/10/2010,1.005
12/11/2010,1.000
12/12/2010,1.011
12/13/2010,1.014
12/14/2010,1.014
12/15/2010,1.002
12/16/2010,0.997
12/17/2010,1.005
12/18/2010,1.008
12/19/2010,1.014
12/20/2010,1.014
12/21/2010,1.008
12/22/2010,1.011
12/23/2010,1.011
12/24/2010,1.017
12/25/2010,1.042
12/26/2010,1.059
12/27/2010,1.093
12/28/2010,1.070
12/29/2010,1.203
12/30/2010,5.352
12/31/2010,7.702
1/1/2011,3.653
1/2/2011,2.118
1/3/2011,1.674
1/4/2011,1.487
1/5/2011,1.475
1/6/2011,1.512
1/7/2011,1.662
1/8/2011,1.623
1/9/2011,1.512
1/10/2011,1.458
1/11/2011,1.407
1/12/2011,1.376
1/13/2011,1.362
1/14/2011,1.339
1/15/2011,1.325
1/16/2011,1.311
1/17/2011,1.354
1/18/2011,1.388
1/19/2011,1.393
1/20/2011,1.589
1/21/2011,1.557
1/22/2011,1.506
1/23/2011,1.509
1/24/2011,1.495
1/25/2011,1.778
1/26/2011,3.908
1/27/2011,4.616
1/28/2011,3.681
1/29/2011,2.639
1/30/2011,2.401
1/31/2011,2.716
2/1/2011,4.163
2/2/2011,6.881
2/3/2011,7.164
2/4/2011,5.918
2/5/2011,5.267
2/6/2011,6.088
2/7/2011,6.343
2/8/2011,6.456
2/9/2011,6.598
2/10/2011,6.683
2/11/2011,6.654
2/12/2011,6.201
2/13/2011,5.578
2/14/2011,5.012
2/15/2011,4.616
2/16/2011,4.219
2/17/2011,3.794
2/18/2011,3.426
2/19/2011,3.058
2/20/2011,2.764
2/21/2011,2.540
2/22/2011,2.362
2/23/2011,2.209
2/24/2011,2.101
2/25/2011,2.036
2/26/2011,1.957
2/27/2011,1.852
2/28/2011,1.818
3/1/2011,1.773
3/2/2011,1.744
3/3/2011,1.716
3/4/2011,1.685
3/5/2011,1.727
3/6/2011,3.823
3/7/2011,3.794
3/8/2011,3.087
3/9/2011,3.115
3/10/2011,3.936
3/11/2011,9.486
3/12/2011,20.983
3/13/2011,31.715
3/14/2011,33.980
3/15/2011,39.360
3/16/2011,35.113
3/17/2011,28.317
3/18/2011,19.765
3/19/2011,12.941
3/20/2011,9.486
3/21/2011,7.561
3/22/2011,6.343
3/23/2011,5.465
3/24/2011,4.757
3/25/2011,4.219
3/26/2011,3.794
3/27/2011,3.455
3/28/2011,3.200
3/29/2011,3.002
3/30/2011,3.115
3/31/2011,3.710
4/1/2011,6.570
4/2/2011,5.182
4/3/2011,3.766
4/4/2011,3.200
4/5/2011,3.341
4/6/2011,3.426
4/7/2011,3.625
4/8/2011,3.511
4/9/2011,2.917
4/10/2011,2.625
4/11/2011,2.424
4/12/2011,2.265
4/13/2011,2.132
4/14/2011,1.974
4/15/2011,1.846
4/16/2011,1.739
4/17/2011,1.657
4/18/2011,1.586
4/19/2011,1.518
4/20/2011,1.472
4/21/2011,1.413
4/22/2011,1.365
4/23/2011,1.317
4/24/2011,1.277
4/25/2011,1.240
4/26/2011,1.388
4/27/2011,1.351
4/28/2011,1.218
4/29/2011,1.161
4/30/2011,1.104
5/1/2011,1.076
5/2/2011,1.019
5/3/2011,0.963
5/4/2011,0.934
5/5/2011,0.906
5/6/2011,0.934
5/7/2011,0.934
5/8/2011,0.906
5/9/2011,0.850
5/10/2011,0.821
5/11/2011,0.821
5/12/2011,0.821
5/13/2011,0.821
5/14/2011,0.793
5/15/2011,0.793
5/16/2011,0.793
5/17/2011,0.765
5/18/2011,0.765
5/19/2011,0.765
5/20/2011,0.736
5/21/2011,0.736
5/22/2011,0.736
5/23/2011,0.736
5/24/2011,0.725
5/25/2011,0.711
5/26/2011,0.699
5/27/2011,0.682
5/28/2011,0.668
5/29/2011,0.651
5/30/2011,0.637
5/31/2011,0.629
6/1/2011,0.617
6/2/2011,0.595
6/3/2011,0.592
6/4/2011,0.586
6/5/2011,0.566
6/6/2011,0.566
6/7/2011,0.552
6/8/2011,0.538
6/9/2011,0.530
6/10/2011,0.524
6/11/2011,0.530
6/12/2011,0.507
6/13/2011,0.481
6/14/2011,0.481
6/15/2011,0.476
6/16/2011,0.481
6/17/2011,0.453
6/18/2011,0.453
6/19/2011,0.425
6/20/2011,0.425
6/21/2011,0.583
6/22/2011,1.093
6/23/2011,1.498
6/24/2011,1.739
6/25/2011,3.823
6/26/2011,5.437
6/27/2011,3.964
6/28/2011,1.843
6/29/2011,1.325
6/30/2011,1.130
7/1/2011,1.017
7/2/2011,0.934
7/3/2011,0.878
7/4/2011,0.833
7/5/2011,0.796
7/6/2011,0.765
7/7/2011,0.739
7/8/2011,0.722
7/9/2011,0.699
7/10/2011,0.680
7/11/2011,0.680
7/12/2011,0.651
7/13/2011,0.640
7/14/2011,0.631
7/15/2011,0.626
7/16/2011,0.626
7/17/2011,0.699
7/18/2011,0.793
7/19/2011,0.773
7/20/2011,0.750
7/21/2011,0.722
7/22/2011,0.668
7/23/2011,0.685
7/24/2011,0.668
7/25/2011,0.651
7/26/2011,0.725
7/27/2011,0.830
7/28/2011,0.844
7/29/2011,0.719
7/30/2011,0.677
7/31/2011,0.657
8/1/2011,0.651
8/2/2011,0.614
8/3/2011,0.595
8/4/2011,0.578
8/5/2011,0.575
8/6/2011,0.586
8/7/2011,0.555
8/8/2011,0.547
8/9/2011,0.544
8/10/2011,0.547
8/11/2011,0.535
8/12/2011,0.524
8/13/2011,0.538
8/14/2011,0.538
8/15/2011,0.510
8/16/2011,0.510
8/17/2011,0.510
8/18/2011,0.507
8/19/2011,0.518
8/20/2011,0.504
8/21/2011,0.493
8/22/2011,0.487
8/23/2011,0.490
8/24/2011,0.524
8/25/2011,0.589
8/26/2011,0.564
8/27/2011,0.530
8/28/2011,0.504
8/29/2011,0.490
8/30/2011,0.484
8/31/2011,0.479
9/1/2011,0.473
9/2/2011,0.473
9/3/2011,0.592
9/4/2011,0.937
9/5/2011,1.399
9/6/2011,1.549
9/7/2011,1.246
9/8/2011,1.334
9/9/2011,1.331
9/10/2011,1.107
9/11/2011,0.946
9/12/2011,0.847
9/13/2011,0.776
9/14/2011,0.719
9/15/2011,0.682
9/16/2011,0.654
9/17/2011,0.631
9/18/2011,0.620
9/19/2011,0.634
9/20/2011,0.631
9/21/2011,0.614
9/22/2011,0.595
9/23/2011,0.583
9/24/2011,0.575
9/25/2011,0.566
9/26/2011,0.561
9/27/2011,0.549
9/28/2011,0.544
9/29/2011,0.923
9/30/2011,0.864
10/1/2011,0.708
10/2/2011,0.617
10/3/2011,0.580
10/4/2011,0.561
10/5/2011,0.549
10/6/2011,0.538
10/7/2011,0.530
10/8/2011,0.524
10/9/2011,0.518
10/10/2011,0.515
10/11/2011,0.510
10/12/2011,0.507
10/13/2011,0.510
10/14/2011,0.507
10/15/2011,0.498
10/16/2011,0.493
10/17/2011,0.490
10/18/2011,0.496
10/19/2011,0.496
10/20/2011,0.498
10/21/2011,0.496
10/22/2011,0.493
10/23/2011,0.493
10/24/2011,0.493
10/25/2011,0.493
10/26/2011,0.490
10/27/2011,0.490
10/28/2011,0.498
10/29/2011,0.544
10/30/2011,0.547
10/31/2011,0.515
11/1/2011,0.507
11/2/2011,0.498
11/3/2011,0.498
11/4/2011,0.501
11/5/2011,0.501
11/6/2011,0.498
11/7/2011,0.496
11/8/2011,0.493
11/9/2011,0.566
11/10/2011,0.606
11/11/2011,0.617
11/12/2011,0.558
11/13/2011,0.535
11/14/2011,0.518
11/15/2011,0.510
11/16/2011,0.510
11/17/2011,0.504
11/18/2011,0.507
11/19/2011,0.504
11/20/2011,0.501
11/21/2011,0.501
11/22/2011,0.547
11/23/2011,0.592
11/24/2011,0.631
11/25/2011,0.589
11/26/2011,0.566
11/27/2011,0.623
11/28/2011,0.736
11/29/2011,0.753
11/30/2011,0.685
12/1/2011,0.637
12/2/2011,0.606
12/3/2011,0.592
12/4/2011,0.575
12/5/2011,0.580
12/6/2011,0.589
12/7/2011,0.631
12/8/2011,0.614
12/9/2011,0.595
12/10/2011,0.595
12/11/2011,0.595
12/12/2011,0.566
12/13/2011,0.595
12/14/2011,0.566
12/15/2011,0.572
12/16/2011,0.609
12/17/2011,0.824
12/18/2011,0.886
12/19/2011,0.767
12/20/2011,0.799
12/21/2011,1.498
12/22/2011,2.543
12/23/2011,6.626
12/24/2011,5.578
12/25/2011,6.739
12/26/2011,11.808
12/27/2011,9.826
12/28/2011,7.759
12/29/2011,7.136
12/30/2011,6.654
12/31/2011,6.060
1/1/2012,5.805
1/2/2012,5.437
1/3/2012,4.842
1/4/2012,4.219
1/5/2012,3.398
1/6/2012,2.444
1/7/2012,1.860
1/8/2012,1.654
1/9/2012,1.741
1/10/2012,23.786
1/11/2012,32.281
1/12/2012,16.537
1/13/2012,7.561
1/14/2012,4.361
1/15/2012,3.483
1/16/2012,3.766
1/17/2012,4.729
1/18/2012,12.403
1/19/2012,14.980
1/20/2012,10.109
1/21/2012,7.872
1/22/2012,8.155
1/23/2012,9.713
1/24/2012,10.732
1/25/2012,12.884
1/26/2012,51.820
1/27/2012,72.491
1/28/2012,74.190
1/29/2012,58.616
1/30/2012,45.307
1/31/2012,33.414
2/1/2012,82.402
2/2/2012,121.762
2/3/2012,134.505
2/4/2012,243.808
2/5/2012,450.238
2/6/2012,416.258
2/7/2012,294.495
2/8/2012,322.812
2/9/2012,317.149
2/10/2012,247.772
2/11/2012,186.608
2/12/2012,142.434
2/13/2012,114.966
2/14/2012,95.428
2/15/2012,79.004
2/16/2012,105.622
2/17/2012,145.265
2/18/2012,155.459
2/19/2012,203.598
2/20/2012,190.289
2/21/2012,214.925
2/22/2012,266.462
2/23/2012,217.473
2/24/2012,170.751
2/25/2012,147.248
2/26/2012,129.691
2/27/2012,110.153
2/28/2012,91.463
2/29/2012,72.774
3/1/2012,48.705
3/2/2012,27.467
3/3/2012,16.650
3/4/2012,12.431
3/5/2012,10.760
3/6/2012,10.222
3/7/2012,11.412
3/8/2012,15.036
3/9/2012,26.136
3/10/2012,45.024
3/11/2012,55.218
3/12/2012,62.014
3/13/2012,69.943
3/14/2012,82.119
3/15/2012,144.699
3/16/2012,139.319
3/17/2012,108.170
3/18/2012,107.321
3/19/2012,113.834
3/20/2012,105.622
3/21/2012,120.063
3/22/2012,150.646
3/23/2012,153.194
3/24/2012,141.301
3/25/2012,427.584
3/26/2012,532.357
3/27/2012,302.990
3/28/2012,182.644
3/29/2012,133.656
3/30/2012,107.038
3/31/2012,86.366
4/1/2012,63.147
4/2/2012,38.511
4/3/2012,22.031
4/4/2012,40.493
4/5/2012,68.244
4/6/2012,53.519
4/7/2012,39.077
4/8/2012,30.582
4/9/2012,22.512
4/10/2012,20.331
4/11/2012,20.558
4/12/2012,19.652
4/13/2012,15.518
4/14/2012,10.845
4/15/2012,8.693
4/16/2012,10.647
4/17/2012,41.626
4/18/2012,47.572
4/19/2012,37.095
4/20/2012,28.034
4/21/2012,24.069
4/22/2012,25.315
4/23/2012,28.600
4/24/2012,33.414
4/25/2012,40.493
4/26/2012,47.572
4/27/2012,52.953
4/28/2012,56.634
4/29/2012,56.634
4/30/2012,49.554
5/1/2012,33.414
5/2/2012,16.820
5/3/2012,10.052
5/4/2012,7.447
5/5/2012,5.947
5/6/2012,4.955
5/7/2012,4.332
5/8/2012,3.964
5/9/2012,3.653
5/10/2012,3.511
5/11/2012,3.341
5/12/2012,3.030
5/13/2012,2.801
5/14/2012,2.696
5/15/2012,2.622
5/16/2012,2.469
5/17/2012,2.296
5/18/2012,2.183
5/19/2012,2.078
5/20/2012,1.974
5/21/2012,1.883
5/22/2012,1.841
5/23/2012,1.781
5/24/2012,1.710
5/25/2012,1.671
5/26/2012,1.623
5/27/2012,1.572
5/28/2012,1.535
5/29/2012,1.518
5/30/2012,1.484
5/31/2012,1.529
6/1/2012,1.597
6/2/2012,1.453
6/3/2012,1.405
6/4/2012,1.379
6/5/2012,1.365
6/6/2012,1.368
6/7/2012,1.362
6/8/2012,1.362
6/9/2012,1.325
6/10/2012,1.424
6/11/2012,1.478
6/12/2012,1.455
6/13/2012,1.436
6/14/2012,1.461
6/15/2012,1.422
6/16/2012,1.475
6/17/2012,1.484
6/18/2012,1.433
6/19/2012,1.390
6/20/2012,1.382
6/21/2012,1.385
6/22/2012,1.342
6/23/2012,1.322
6/24/2012,1.305
6/25/2012,1.283
6/26/2012,1.266
6/27/2012,1.246
6/28/2012,1.240
6/29/2012,1.223
6/30/2012,1.209
7/1/2012,1.201
7/2/2012,1.189
7/3/2012,1.186
7/4/2012,1.175
7/5/2012,1.169
7/6/2012,1.175
7/7/2012,1.201
7/8/2012,1.277
7/9/2012,1.841
7/10/2012,7.136
7/11/2012,6.230
7/12/2012,6.513
7/13/2012,6.513
7/14/2012,5.777
7/15/2012,6.598
7/16/2012,8.637
7/17/2012,9.599
7/18/2012,10.137
7/19/2012,11.100
7/20/2012,12.431
7/21/2012,17.698
7/22/2012,31.715
7/23/2012,27.467
7/24/2012,14.243
7/25/2012,7.815
7/26/2012,6.286
7/27/2012,5.550
7/28/2012,4.842
7/29/2012,3.964
7/30/2012,3.341
7/31/2012,2.917
8/1/2012,2.585
8/2/2012,2.311
8/3/2012,2.121
8/4/2012,1.991
8/5/2012,1.869
8/6/2012,1.798
8/7/2012,1.744
8/8/2012,1.708
8/9/2012,1.657
8/10/2012,1.645
8/11/2012,1.631
8/12/2012,1.580
8/13/2012,1.634
8/14/2012,2.410
8/15/2012,2.594
8/16/2012,2.067
8/17/2012,1.826
8/18/2012,1.747
8/19/2012,4.757
8/20/2012,4.021
8/21/2012,2.322
8/22/2012,1.906
8/23/2012,1.685
8/24/2012,1.623
8/25/2012,1.727
8/26/2012,2.449
8/27/2012,2.265
8/28/2012,1.775
8/29/2012,1.560
8/30/2012,1.574
8/31/2012,2.226
9/1/2012,12.686
9/2/2012,17.217
9/3/2012,13.989
9/4/2012,7.589
9/5/2012,5.154
9/6/2012,4.163
9/7/2012,3.228
9/8/2012,2.608
9/9/2012,2.195
9/10/2012,1.960
9/11/2012,1.804
9/12/2012,1.708
9/13/2012,1.640
9/14/2012,1.642
9/15/2012,1.614
9/16/2012,1.586
9/17/2012,1.538
9/18/2012,1.543
9/19/2012,1.529
9/20/2012,1.529
9/21/2012,1.501
9/22/2012,1.472
9/23/2012,1.444
9/24/2012,1.416
9/25/2012,1.393
9/26/2012,1.385
9/27/2012,1.371
9/28/2012,1.368
9/29/2012,1.371
9/30/2012,2.016
10/1/2012,3.256
10/2/2012,2.670
10/3/2012,1.838
10/4/2012,1.623
10/5/2012,1.538
10/6/2012,1.498
10/7/2012,1.512
10/8/2012,1.487
10/9/2012,1.464
10/10/2012,1.441
10/11/2012,1.419
10/12/2012,1.393
10/13/2012,1.362
10/14/2012,1.348
10/15/2012,1.328
10/16/2012,1.320
10/17/2012,1.311
10/18/2012,1.325
10/19/2012,1.320
10/20/2012,1.320
10/21/2012,1.308
10/22/2012,1.297
10/23/2012,1.286
10/24/2012,1.283
10/25/2012,1.274
10/26/2012,1.257
10/27/2012,1.249
10/28/2012,1.254
10/29/2012,1.246
10/30/2012,1.240
10/31/2012,1.235
11/1/2012,1.226
11/2/2012,1.215
11/3/2012,1.206
11/4/2012,1.220
11/5/2012,1.237
11/6/2012,1.252
11/7/2012,1.215
11/8/2012,1.201
11/9/2012,1.186
11/10/2012,1.178
11/11/2012,1.186
11/12/2012,1.218
11/13/2012,1.254
11/14/2012,1.243
11/15/2012,1.218
11/16/2012,1.195
11/17/2012,1.186
11/18/2012,1.178
11/19/2012,1.178
11/20/2012,1.184
11/21/2012,1.189
11/22/2012,1.186
11/23/2012,1.184
11/24/2012,1.178
11/25/2012,1.172
11/26/2012,1.175
11/27/2012,1.175
11/28/2012,1.172
11/29/2012,1.169
11/30/2012,1.167
12/1/2012,1.155
12/2/2012,1.150
12/3/2012,1.141
12/4/2012,1.172
12/5/2012,1.175
12/6/2012,1.164
12/7/2012,1.164
12/8/2012,1.152
12/9/2012,1.150
12/10/2012,1.235
12/11/2012,1.300
12/12/2012,1.362
12/13/2012,1.337
12/14/2012,1.320
12/15/2012,1.345
12/16/2012,1.453
12/17/2012,2.044
12/18/2012,2.594
12/19/2012,2.056
12/20/2012,2.005
12/21/2012,2.577
12/22/2012,2.781
12/23/2012,2.461
12/24/2012,2.059
12/25/2012,1.900
12/26/2012,1.948
12/27/2012,2.917
12/28/2012,6.230
12/29/2012,22.172
12/30/2012,19.935
12/31/2012,16.311
1/1/2013,39.644
1/2/2013,84.384
1/3/2013,80.703
1/4/2013,56.634
1/5/2013,43.042
1/6/2013,42.192
1/7/2013,44.174
1/8/2013,44.457
1/9/2013,51.537
1/10/2013,168.202
1/11/2013,319.980
1/12/2013,319.980
1/13/2013,322.812
1/14/2013,385.109
1/15/2013,368.119
1/16/2013,294.495
1/17/2013,223.420
1/18/2013,172.166
1/19/2013,137.903
1/20/2013,114.400
1/21/2013,96.560
1/22/2013,83.818
1/23/2013,75.040
1/24/2013,66.828
1/25/2013,53.236
1/26/2013,37.095
1/27/2013,24.834
1/28/2013,17.755
1/29/2013,14.158
1/30/2013,12.743
1/31/2013,12.318
2/1/2013,12.006
2/2/2013,12.516
2/3/2013,16.112
2/4/2013,22.285
2/5/2013,28.883
2/6/2013,31.149
2/7/2013,28.600
2/8/2013,24.352
2/9/2013,18.038
2/10/2013,14.470
2/11/2013,24.806
2/12/2013,65.695
2/13/2013,87.782
2/14/2013,96.277
2/15/2013,91.180
2/16/2013,92.596
2/17/2013,103.073
2/18/2013,117.798
2/19/2013,123.745
2/20/2013,126.293
2/21/2013,120.913
2/22/2013,121.479
2/23/2013,109.869
2/24/2013,87.782
2/25/2013,71.075
2/26/2013,82.685
2/27/2013,98.259
2/28/2013,105.339
3/1/2013,95.428
3/2/2013,81.269
3/3/2013,67.111
3/4/2013,50.121
3/5/2013,32.848
3/6/2013,22.653
3/7/2013,16.735
3/8/2013,13.337
3/9/2013,11.355
3/10/2013,10.251
3/11/2013,13.451
3/12/2013,12.318
3/13/2013,9.628
3/14/2013,8.438
3/15/2013,7.730
3/16/2013,7.249
3/17/2013,6.909
3/18/2013,6.570
3/19/2013,6.230
3/20/2013,5.833
3/21/2013,5.465
3/22/2013,5.154
3/23/2013,4.870
3/24/2013,4.587
3/25/2013,4.304
3/26/2013,4.049
3/27/2013,3.794
3/28/2013,3.596
3/29/2013,3.426
3/30/2013,3.285
3/31/2013,3.171
4/1/2013,3.058
4/2/2013,2.973
4/3/2013,3.568
4/4/2013,7.532
4/5/2013,11.808
4/6/2013,13.026
4/7/2013,10.279
4/8/2013,9.458
4/9/2013,9.939
4/10/2013,9.996
4/11/2013,10.251
4/12/2013,16.027
4/13/2013,17.698
4/14/2013,16.707
4/15/2013,16.707
4/16/2013,18.831
4/17/2013,22.965
4/18/2013,33.980
4/19/2013,58.050
4/20/2013,78.721
4/21/2013,78.154
4/22/2013,57.200
4/23/2013,29.450
4/24/2013,22.200
4/25/2013,20.841
4/26/2013,13.989
4/27/2013,11.129
4/28/2013,9.345
4/29/2013,8.042
4/30/2013,7.815
5/1/2013,8.410
5/2/2013,9.005
5/3/2013,7.872
5/4/2013,6.654
5/5/2013,5.805
5/6/2013,5.692
5/7/2013,5.550
5/8/2013,5.097
5/9/2013,4.729
5/10/2013,5.437
5/11/2013,10.222
5/12/2013,19.369
5/13/2013,26.023
5/14/2013,20.303
5/15/2013,16.197
5/16/2013,16.764
5/17/2013,18.887
5/18/2013,21.379
5/19/2013,22.031
5/20/2013,17.783
5/21/2013,10.789
5/22/2013,9.090
5/23/2013,8.807
5/24/2013,10.477
5/25/2013,11.978
5/26/2013,9.486
5/27/2013,6.909
5/28/2013,6.315
5/29/2013,5.409
5/30/2013,4.502
5/31/2013,3.964
6/1/2013,3.596
6/2/2013,3.313
6/3/2013,3.087
6/4/2013,2.917
6/5/2013,2.755
6/6/2013,2.696
6/7/2013,2.781
6/8/2013,2.667
6/9/2013,2.633
6/10/2013,2.566
6/11/2013,2.483
6/12/2013,3.285
6/13/2013,3.823
6/14/2013,3.341
6/15/2013,2.917
6/16/2013,2.492
6/17/2013,2.220
6/18/2013,2.059
6/19/2013,2.027
6/20/2013,2.217
6/21/2013,2.466
6/22/2013,3.596
6/23/2013,4.672
6/24/2013,6.173
6/25/2013,6.654
6/26/2013,5.210
6/27/2013,3.710
6/28/2013,2.803
6/29/2013,2.291
6/30/2013,1.996
7/1/2013,1.801
7/2/2013,1.662
7/3/2013,1.572
7/4/2013,1.501
7/5/2013,1.444
7/6/2013,1.402
7/7/2013,1.373
7/8/2013,1.348
7/9/2013,1.320
7/10/2013,1.300
7/11/2013,1.263
7/12/2013,1.249
7/13/2013,1.246
7/14/2013,1.209
7/15/2013,1.215
7/16/2013,1.232
7/17/2013,1.223
7/18/2013,1.164
7/19/2013,1.178
7/20/2013,1.362
7/21/2013,1.186
7/22/2013,1.133
7/23/2013,1.102
7/24/2013,1.079
7/25/2013,1.053
7/26/2013,1.045
7/27/2013,1.022
7/28/2013,1.079
7/29/2013,0.994
7/30/2013,0.957
7/31/2013,0.954
8/1/2013,0.951
8/2/2013,0.957
8/3/2013,0.915
8/4/2013,0.886
8/5/2013,0.872
8/6/2013,0.847
8/7/2013,0.830
8/8/2013,0.827
8/9/2013,0.821
8/10/2013,0.824
8/11/2013,0.827
8/12/2013,0.824
8/13/2013,0.821
8/14/2013,0.833
8/15/2013,0.866
8/16/2013,0.855
8/17/2013,0.847
8/18/2013,0.847
8/19/2013,0.847
8/20/2013,0.872
8/21/2013,0.886
8/22/2013,0.866
8/23/2013,0.878
8/24/2013,0.878
8/25/2013,0.872
8/26/2013,0.872
8/27/2013,0.883
8/28/2013,0.912
8/29/2013,0.872
8/30/2013,0.858
8/31/2013,0.850
9/1/2013,0.841
9/2/2013,0.838
9/3/2013,0.838
9/4/2013,0.835
9/5/2013,0.833
9/6/2013,0.872
9/7/2013,0.889
9/8/2013,0.881
9/9/2013,0.912
9/10/2013,0.889
9/11/2013,0.858
9/12/2013,0.847
9/13/2013,0.844
9/14/2013,0.864
9/15/2013,0.850
9/16/2013,0.841
9/17/2013,0.841
9/18/2013,0.847
9/19/2013,0.850
9/20/2013,0.923
9/21/2013,7.391
9/22/2013,12.091
9/23/2013,5.607
9/24/2013,2.801
9/25/2013,1.812
9/26/2013,1.523
9/27/2013,1.405
9/28/2013,1.345
9/29/2013,1.317
9/30/2013,1.308
10/1/2013,1.288
10/2/2013,1.283
10/3/2013,1.283
10/4/2013,1.271
10/5/2013,1.263
10/6/2013,1.266
10/7/2013,1.269
10/8/2013,1.450
10/9/2013,2.039
10/10/2013,1.719
10/11/2013,1.523
10/12/2013,1.461
10/13/2013,2.158
10/14/2013,4.701
10/15/2013,5.324
10/16/2013,4.049
10/17/2013,2.973
10/18/2013,2.625
10/19/2013,2.195
10/20/2013,1.965
10/21/2013,1.835
10/22/2013,1.741
10/23/2013,1.676
10/24/2013,1.625
10/25/2013,1.589
10/26/2013,1.560
10/27/2013,1.538
10/28/2013,1.523
10/29/2013,1.512
10/30/2013,1.509
10/31/2013,1.767
11/1/2013,7.334
11/2/2013,13.620
11/3/2013,11.836
11/4/2013,7.561
11/5/2013,6.938
11/6/2013,8.070
11/7/2013,8.778
11/8/2013,8.070
11/9/2013,6.909
11/10/2013,5.805
11/11/2013,4.644
11/12/2013,3.710
11/13/2013,3.115
11/14/2013,2.778
11/15/2013,2.489
11/16/2013,2.263
11/17/2013,2.101
11/18/2013,1.988
11/19/2013,1.877
11/20/2013,1.815
11/21/2013,1.758
11/22/2013,1.696
11/23/2013,1.631
11/24/2013,1.594
11/25/2013,1.688
11/26/2013,6.853
11/27/2013,19.567
11/28/2013,22.200
11/29/2013,20.926
11/30/2013,19.737
12/1/2013,19.340
12/2/2013,20.133
12/3/2013,21.124
12/4/2013,21.606
12/5/2013,20.643
12/6/2013,17.471
12/7/2013,12.743
12/8/2013,8.863
12/9/2013,6.824
12/10/2013,5.947
12/11/2013,5.550
12/12/2013,4.842
12/13/2013,4.304
12/14/2013,3.993
12/15/2013,4.078
12/16/2013,3.993
12/17/2013,3.596
12/18/2013,3.370
12/19/2013,3.200
12/20/2013,3.087
12/21/2013,2.973
12/22/2013,5.663
12/23/2013,11.751
12/24/2013,13.224
12/25/2013,12.997
12/26/2013,10.959
12/27/2013,10.166
12/28/2013,9.656
12/29/2013,8.807
12/30/2013,7.674
12/31/2013,6.315
1/1/2014,5.097
1/2/2014,4.219
1/3/2014,3.625
1/4/2014,3.200
1/5/2014,2.917
1/6/2014,2.667
1/7/2014,2.517
1/8/2014,2.356
1/9/2014,2.197
1/10/2014,2.093
1/11/2014,2.076
1/12/2014,2.506
1/13/2014,4.078
1/14/2014,4.587
1/15/2014,5.040
1/16/2014,5.862
1/17/2014,5.040
1/18/2014,4.389
1/19/2014,4.616
1/20/2014,5.125
1/21/2014,5.210
1/22/2014,4.701
1/23/2014,3.766
1/24/2014,3.143
1/25/2014,2.687
1/26/2014,2.350
1/27/2014,2.112
1/28/2014,2.030
1/29/2014,1.988
1/30/2014,1.951
1/31/2014,1.940
2/1/2014,2.027
2/2/2014,2.237
2/3/2014,4.446
2/4/2014,8.353
2/5/2014,22.484
2/6/2014,34.830
2/7/2014,34.830
2/8/2014,32.564
2/9/2014,27.609
2/10/2014,25.853
2/11/2014,38.794
2/12/2014,66.261
2/13/2014,84.101
2/14/2014,92.030
2/15/2014,85.234
2/16/2014,73.907
2/17/2014,60.598
2/18/2014,54.935
2/19/2014,53.236
2/20/2014,52.103
2/21/2014,52.103
2/22/2014,46.440
2/23/2014,38.794
2/24/2014,30.016
2/25/2014,21.974
2/26/2014,20.190
2/27/2014,27.892
2/28/2014,30.865
3/1/2014,28.034
3/2/2014,21.464
3/3/2014,19.454
3/4/2014,22.795
3/5/2014,24.551
3/6/2014,25.485
3/7/2014,23.758
3/8/2014,20.558
3/9/2014,17.047
3/10/2014,14.073
3/11/2014,12.459
3/12/2014,11.355
3/13/2014,10.166
3/14/2014,8.976
3/15/2014,8.014
3/16/2014,7.589
3/17/2014,8.580
3/18/2014,10.477
3/19/2014,13.139
3/20/2014,15.716
3/21/2014,18.831
3/22/2014,22.625
3/23/2014,26.901
3/24/2014,31.432
3/25/2014,33.414
3/26/2014,27.241
3/27/2014,16.424
3/28/2014,10.675
3/29/2014,11.298
3/30/2014,13.847
3/31/2014,14.130
4/1/2014,14.923
4/2/2014,18.689
4/3/2014,26.363
4/4/2014,39.927
4/5/2014,67.394
4/6/2014,76.739
4/7/2014,73.624
4/8/2014,64.279
4/9/2014,41.059
4/10/2014,26.816
4/11/2014,23.786
4/12/2014,25.060
4/13/2014,28.147
4/14/2014,32.564
4/15/2014,37.095
4/16/2014,39.360
4/17/2014,37.661
4/18/2014,31.149
4/19/2014,24.211
4/20/2014,24.721
4/21/2014,29.166
4/22/2014,33.980
4/23/2014,36.812
4/24/2014,32.281
4/25/2014,20.331
4/26/2014,11.723
4/27/2014,7.900
4/28/2014,6.060
4/29/2014,4.927
4/30/2014,4.106
5/1/2014,3.455
5/2/2014,2.945
5/3/2014,2.509
5/4/2014,2.203
5/5/2014,1.996
5/6/2014,1.821
5/7/2014,1.682
5/8/2014,1.594
5/9/2014,1.529
5/10/2014,1.487
5/11/2014,1.455
5/12/2014,1.458
5/13/2014,1.634
5/14/2014,1.733
5/15/2014,1.807
5/16/2014,1.580
5/17/2014,2.104
5/18/2014,4.757
5/19/2014,8.552
5/20/2014,12.431
5/21/2014,17.188
5/22/2014,22.200
5/23/2014,21.577
5/24/2014,12.431
5/25/2014,6.116
5/26/2014,3.823
5/27/2014,2.888
5/28/2014,3.596
5/29/2014,14.017
5/30/2014,24.891
5/31/2014,18.717
6/1/2014,18.802
6/2/2014,21.492
6/3/2014,19.510
6/4/2014,14.527
6/5/2014,10.619
6/6/2014,9.571
6/7/2014,8.891
6/8/2014,7.079
6/9/2014,5.409
6/10/2014,28.600
6/11/2014,59.182
6/12/2014,49.554
6/13/2014,24.834
6/14/2014,21.492
6/15/2014,16.962
6/16/2014,21.323
6/17/2014,19.652
6/18/2014,17.953
6/19/2014,16.254
6/20/2014,12.658
6/21/2014,8.240
6/22/2014,5.748
6/23/2014,4.474
6/24/2014,3.738
6/25/2014,3.483
6/26/2014,8.014
6/27/2014,34.830
6/28/2014,34.263
6/29/2014,24.296
6/30/2014,15.688
7/1/2014,9.628
7/2/2014,6.230
7/3/2014,6.088
7/4/2014,6.456
7/5/2014,6.768
7/6/2014,5.437
7/7/2014,4.134
7/8/2014,3.625
7/9/2014,4.276
7/10/2014,4.134
7/11/2014,3.455
7/12/2014,2.888
7/13/2014,2.461
7/14/2014,2.203
7/15/2014,2.061
7/16/2014,1.979
7/17/2014,2.005
7/18/2014,3.568
7/19/2014,16.565
7/20/2014,21.294
7/21/2014,16.792
7/22/2014,12.884
7/23/2014,13.224
7/24/2014,17.217
7/25/2014,22.172
7/26/2014,24.126
7/27/2014,25.967
7/28/2014,23.276
7/29/2014,17.018
7/30/2014,11.185
7/31/2014,8.127
8/1/2014,5.890
8/2/2014,4.757
8/3/2014,4.163
8/4/2014,3.710
8/5/2014,3.341
8/6/2014,3.370
8/7/2014,3.568
8/8/2014,4.191
8/9/2014,4.021
8/10/2014,3.794
8/11/2014,3.285
8/12/2014,2.860
8/13/2014,2.699
8/14/2014,2.475
8/15/2014,2.231
8/16/2014,2.036
8/17/2014,1.875
8/18/2014,1.764
8/19/2014,1.719
8/20/2014,1.685
8/21/2014,1.756
8/22/2014,1.866
8/23/2014,1.696
8/24/2014,1.555
8/25/2014,1.504
8/26/2014,1.509
8/27/2014,1.608
8/28/2014,1.498
8/29/2014,1.441
8/30/2014,9.231
8/31/2014,32.281
9/1/2014,26.533
9/2/2014,14.187
9/3/2014,16.509
9/4/2014,22.993
9/5/2014,13.309
9/6/2014,8.269
9/7/2014,6.173
9/8/2014,4.616
9/9/2014,3.681
9/10/2014,3.200
9/11/2014,2.809
9/12/2014,2.438
9/13/2014,2.161
9/14/2014,2.059
9/15/2014,4.021
9/16/2014,6.654
9/17/2014,8.467
9/18/2014,7.561
9/19/2014,6.938
9/20/2014,5.380
9/21/2014,3.879
9/22/2014,3.200
9/23/2014,2.945
9/24/2014,2.639
9/25/2014,2.274
9/26/2014,2.033
9/27/2014,1.860
9/28/2014,1.784
9/29/2014,1.781
9/30/2014,1.699
10/1/2014,1.620
10/2/2014,1.549
10/3/2014,2.404
10/4/2014,1.971
10/5/2014,1.617
10/6/2014,1.543
10/7/2014,1.560
10/8/2014,1.501
10/9/2014,1.455
10/10/2014,1.433
10/11/2014,1.430
10/12/2014,1.475
10/13/2014,1.614
10/14/2014,2.625
10/15/2014,4.899
10/16/2014,4.814
10/17/2014,5.154
10/18/2014,5.777
10/19/2014,6.456
10/20/2014,6.909
10/21/2014,6.286
10/22/2014,4.899
10/23/2014,3.625
10/24/2014,2.769
10/25/2014,2.257
10/26/2014,1.979
10/27/2014,1.804
10/28/2014,1.696
10/29/2014,1.608
10/30/2014,1.549
10/31/2014,1.509
11/1/2014,1.472
11/2/2014,1.441
11/3/2014,1.416
11/4/2014,1.388
11/5/2014,1.368
11/6/2014,1.368
11/7/2014,1.354
11/8/2014,1.345
11/9/2014,1.328
11/10/2014,1.308
11/11/2014,1.317
11/12/2014,2.254
11/13/2014,3.143
11/14/2014,2.699
11/15/2014,2.169
11/16/2014,3.256
11/17/2014,9.090
11/18/2014,7.844
11/19/2014,4.446
11/20/2014,3.936
11/21/2014,6.088
11/22/2014,8.891
11/23/2014,13.790
11/24/2014,20.416
11/25/2014,16.933
11/26/2014,13.224
11/27/2014,12.459
11/28/2014,14.272
11/29/2014,16.056
11/30/2014,17.471
12/1/2014,18.463
12/2/2014,17.868
12/3/2014,14.498
12/4/2014,10.166
12/5/2014,7.476
12/6/2014,6.626
12/7/2014,6.258
12/8/2014,5.493
12/9/2014,4.757
12/10/2014,4.219
12/11/2014,3.851
12/12/2014,3.540
12/13/2014,3.285
12/14/2014,3.087
12/15/2014,2.945
12/16/2014,2.888
12/17/2014,2.832
12/18/2014,2.832
12/19/2014,3.879
12/20/2014,8.495
12/21/2014,9.430
12/22/2014,8.807
12/23/2014,8.042
12/24/2014,16.764
12/25/2014,21.096
12/26/2014,19.312
12/27/2014,15.461
12/28/2014,13.224
12/29/2014,17.500
12/30/2014,19.709
12/31/2014,17.330
1/1/2015,15.857
1/2/2015,17.160
1/3/2015,24.522
1/4/2015,56.351
1/5/2015,65.695
1/6/2015,60.881
1/7/2015,56.634
1/8/2015,54.652
1/9/2015,55.218
1/10/2015,60.881
1/11/2015,71.075
1/12/2015,116.382
1/13/2015,142.717
1/14/2015,131.673
1/15/2015,94.861
1/16/2015,60.598
1/17/2015,42.758
1/18/2015,37.095
1/19/2015,33.980
1/20/2015,30.299
1/21/2015,25.004
1/22/2015,20.218
1/23/2015,30.865
1/24/2015,39.360
1/25/2015,36.529
1/26/2015,31.998
1/27/2015,28.600
1/28/2015,28.600
1/29/2015,30.299
1/30/2015,32.281
1/31/2015,34.547
2/1/2015,34.547
2/2/2015,28.317
2/3/2015,20.133
2/4/2015,14.696
2/5/2015,11.553
2/6/2015,9.911
2/7/2015,9.430
2/8/2015,9.628
2/9/2015,9.373
2/10/2015,8.637
2/11/2015,7.787
2/12/2015,7.051
2/13/2015,6.428
2/14/2015,5.947
2/15/2015,5.522
2/16/2015,5.210
2/17/2015,5.069
2/18/2015,4.984
2/19/2015,4.786
2/20/2015,4.672
2/21/2015,4.757
2/22/2015,5.748
2/23/2015,7.221
2/24/2015,8.070
2/25/2015,7.872
2/26/2015,7.108
2/27/2015,6.683
2/28/2015,6.513
3/1/2015,8.807
3/2/2015,37.661
3/3/2015,50.121
3/4/2015,49.838
3/5/2015,52.953
3/6/2015,57.483
3/7/2015,52.669
3/8/2015,50.970
3/9/2015,54.085
3/10/2015,74.473
3/11/2015,94.295
3/12/2015,94.578
3/13/2015,89.481
3/14/2015,80.137
3/15/2015,69.659
3/16/2015,67.677
3/17/2015,74.756
3/18/2015,83.535
3/19/2015,85.800
3/20/2015,80.986
3/21/2015,73.341
3/22/2015,70.226
3/23/2015,64.846
3/24/2015,51.820
3/25/2015,43.042
3/26/2015,39.644
3/27/2015,41.059
3/28/2015,45.873
3/29/2015,54.652
3/30/2015,61.731
3/31/2015,60.315
4/1/2015,45.873
4/2/2015,27.014
4/3/2015,17.188
4/4/2015,12.290
4/5/2015,9.713
4/6/2015,16.933
4/7/2015,57.766
4/8/2015,99.392
4/9/2015,96.560
4/10/2015,53.802
4/11/2015,36.246
4/12/2015,39.644
4/13/2015,99.675
4/14/2015,107.887
4/15/2015,107.038
4/16/2015,83.818
4/17/2015,75.040
4/18/2015,85.517
4/19/2015,91.463
4/20/2015,97.410
4/21/2015,101.374
4/22/2015,86.083
4/23/2015,67.677
4/24/2015,59.749
4/25/2015,57.200
4/26/2015,56.917
4/27/2015,63.996
4/28/2015,81.269
4/29/2015,77.305
4/30/2015,54.652
5/1/2015,35.396
5/2/2015,30.016
5/3/2015,31.715
5/4/2015,35.113
5/5/2015,38.794
5/6/2015,40.776
5/7/2015,35.679
5/8/2015,23.588
5/9/2015,16.339
5/10/2015,19.114
5/11/2015,20.615
5/12/2015,14.470
5/13/2015,9.514
5/14/2015,7.051
5/15/2015,5.692
5/16/2015,5.125
5/17/2015,4.786
5/18/2015,19.086
5/19/2015,56.917
5/20/2015,72.491
5/21/2015,72.491
5/22/2015,66.261
5/23/2015,62.580
5/24/2015,61.164
5/25/2015,65.695
5/26/2015,80.986
5/27/2015,105.622
5/28/2015,129.408
5/29/2015,126.293
5/30/2015,101.091
5/31/2015,86.650
6/1/2015,77.871
6/2/2015,73.057
6/3/2015,75.889
6/4/2015,77.871
6/5/2015,73.907
6/6/2015,62.014
6/7/2015,42.758
6/8/2015,25.655
6/9/2015,15.489
6/10/2015,9.798
6/11/2015,19.284
6/12/2015,20.813
6/13/2015,15.857
6/14/2015,33.697
6/15/2015,38.794
6/16/2015,34.263
6/17/2015,21.153
6/18/2015,14.725
6/19/2015,12.828
6/20/2015,11.723
6/21/2015,10.506
6/22/2015,11.355
6/23/2015,14.215
6/24/2015,17.783
6/25/2015,21.634
6/26/2015,25.202
6/27/2015,27.609
6/28/2015,21.804
6/29/2015,14.668
6/30/2015,8.891
7/1/2015,8.722
7/2/2015,12.148
7/3/2015,16.990
7/4/2015,22.200
7/5/2015,23.050
7/6/2015,16.537
7/7/2015,9.939
7/8/2015,7.334
7/9/2015,6.938
7/10/2015,7.108
7/11/2015,7.108
7/12/2015,6.683
7/13/2015,5.862
7/14/2015,4.672
7/15/2015,3.794
7/16/2015,3.285
7/17/2015,2.945
7/18/2015,2.721
7/19/2015,2.537
7/20/2015,2.421
7/21/2015,2.311
7/22/2015,2.217
7/23/2015,2.115
7/24/2015,2.019
7/25/2015,1.957
7/26/2015,1.886
7/27/2015,1.826
7/28/2015,1.761
7/29/2015,1.719
7/30/2015,1.691
7/31/2015,1.628
8/1/2015,1.546
8/2/2015,1.501
8/3/2015,1.461
8/4/2015,1.427
8/5/2015,1.393
8/6/2015,1.365
8/7/2015,1.348
8/8/2015,1.308
8/9/2015,1.280
8/10/2015,1.246
8/11/2015,1.223
8/12/2015,1.201
8/13/2015,1.184
8/14/2015,1.155
8/15/2015,1.138
8/16/2015,1.124
8/17/2015,1.116
8/18/2015,1.164
8/19/2015,1.215
8/20/2015,1.271
8/21/2015,1.271
8/22/2015,1.198
8/23/2015,1.198
8/24/2015,1.201
8/25/2015,1.405
8/26/2015,1.169
8/27/2015,1.090
8/28/2015,1.062
8/29/2015,1.031
8/30/2015,1.005
8/31/2015,0.991
9/1/2015,0.991
9/2/2015,0.983
9/3/2015,0.988
9/4/2015,0.980
9/5/2015,0.966
9/6/2015,0.960
9/7/2015,0.943
9/8/2015,0.929
9/9/2015,0.909
9/10/2015,0.903
9/11/2015,0.946
9/12/2015,1.019
9/13/2015,1.005
9/14/2015,0.968
9/15/2015,0.929
9/16/2015,0.940
9/17/2015,0.937
9/18/2015,0.892
9/19/2015,0.881
9/20/2015,0.869
9/21/2015,0.861
9/22/2015,0.844
9/23/2015,0.833
9/24/2015,0.824
9/25/2015,0.816
9/26/2015,0.804
9/27/2015,0.801
9/28/2015,0.801
9/29/2015,0.796
9/30/2015,0.804
10/1/2015,0.810
10/2/2015,0.779
10/3/2015,0.770
10/4/2015,0.765
10/5/2015,0.756
10/6/2015,0.742
10/7/2015,0.733
10/8/2015,0.722
10/9/2015,0.714
10/10/2015,0.708
10/11/2015,0.699
10/12/2015,0.688
10/13/2015,0.682
10/14/2015,0.674
10/15/2015,0.668
10/16/2015,0.660
10/17/2015,0.651
10/18/2015,0.646
10/19/2015,0.646
10/20/2015,0.643
10/21/2015,0.631
10/22/2015,0.623
10/23/2015,0.609
10/24/2015,0.634
10/25/2015,0.830
10/26/2015,1.555
10/27/2015,3.710
10/28/2015,2.699
10/29/2015,2.183
10/30/2015,2.574
10/31/2015,4.417
11/1/2015,17.953
11/2/2015,28.317
11/3/2015,32.564
11/4/2015,82.968
11/5/2015,413.426
11/6/2015,424.753
11/7/2015,314.317
11/8/2015,276.372
11/9/2015,288.832
11/10/2015,288.832
11/11/2015,227.667
11/12/2015,158.291
11/13/2015,116.665
11/14/2015,98.543
11/15/2015,88.065
11/16/2015,80.986
11/17/2015,75.323
11/18/2015,91.463
11/19/2015,95.145
11/20/2015,81.553
11/21/2015,71.075
11/22/2015,58.333
11/23/2015,50.121
11/24/2015,53.519
11/25/2015,58.899
11/26/2015,62.014
11/27/2015,63.147
11/28/2015,54.935
11/29/2015,36.529
11/30/2015,22.115
12/1/2015,15.461
12/2/2015,12.006
12/3/2015,9.798
12/4/2015,8.297
12/5/2015,7.476
12/6/2015,7.108
12/7/2015,6.938
12/8/2015,6.654
12/9/2015,6.258
12/10/2015,5.833
12/11/2015,5.437
12/12/2015,5.154
12/13/2015,5.267
12/14/2015,19.567
12/15/2015,31.715
12/16/2015,29.166
12/17/2015,29.166
12/18/2015,28.317
12/19/2015,30.016
12/20/2015,32.848
12/21/2015,36.529
12/22/2015,46.440
12/23/2015,53.802
12/24/2015,53.236
12/25/2015,47.572
12/26/2015,80.137
12/27/2015,99.109
12/28/2015,103.356
12/29/2015,101.657
12/30/2015,90.331
12/31/2015,74.473
1/1/2016,62.580
1/2/2016,57.200
1/3/2016,53.236
1/4/2016,49.838
1/5/2016,47.006
1/6/2016,41.626
1/7/2016,34.263
1/8/2016,31.998
1/9/2016,45.024
1/10/2016,67.677
1/11/2016,64.846
1/12/2016,48.139
1/13/2016,40.776
1/14/2016,41.059
1/15/2016,45.307
1/16/2016,50.970
1/17/2016,54.085
1/18/2016,50.687
1/19/2016,38.511
1/20/2016,25.655
1/21/2016,18.632
1/22/2016,18.094
1/23/2016,21.662
1/24/2016,26.674
1/25/2016,26.929
1/26/2016,29.450
1/27/2016,45.024
1/28/2016,47.572
1/29/2016,43.042
1/30/2016,38.511
1/31/2016,38.228
2/1/2016,41.909
2/2/2016,48.422
2/3/2016,56.067
2/4/2016,61.448
2/5/2016,59.465
2/6/2016,45.024
2/7/2016,29.733
2/8/2016,21.351
2/9/2016,16.622
2/10/2016,13.196
2/11/2016,10.874
2/12/2016,9.288
2/13/2016,8.212
2/14/2016,7.362
2/15/2016,11.667
2/16/2016,15.234
2/17/2016,15.688
2/18/2016,24.466
2/19/2016,27.977
2/20/2016,29.450
2/21/2016,28.232
2/22/2016,22.257
2/23/2016,16.735
2/24/2016,21.974
2/25/2016,25.740
2/26/2016,26.391
2/27/2016,26.731
2/28/2016,28.289
2/29/2016,30.865
3/1/2016,32.564
3/2/2016,31.715
3/3/2016,27.071
3/4/2016,19.595
3/5/2016,13.819
3/6/2016,10.449
3/7/2016,8.693
3/8/2016,7.589
3/9/2016,6.824
3/10/2016,10.760
3/11/2016,41.909
3/12/2016,82.968
3/13/2016,370.951
3/14/2016,968.436
3/15/2016,716.416
3/16/2016,410.594
3/17/2016,267.311
3/18/2016,191.422
3/19/2016,137.620
3/20/2016,106.471
3/21/2016,84.101
3/22/2016,63.713
3/23/2016,46.723
3/24/2016,38.794
3/25/2016,35.962
3/26/2016,33.131
3/27/2016,34.547
3/28/2016,31.998
3/29/2016,27.411
3/30/2016,24.324
3/31/2016,23.956
4/1/2016,28.883
4/2/2016,26.759
4/3/2016,22.427
4/4/2016,19.001
4/5/2016,17.443
4/6/2016,17.273
4/7/2016,17.613
4/8/2016,16.849
4/9/2016,14.300
4/10/2016,10.959
4/11/2016,8.891
4/12/2016,7.759
4/13/2016,7.277
4/14/2016,7.957
4/15/2016,11.383
4/16/2016,9.231
4/17/2016,12.374
4/18/2016,10.109
4/19/2016,18.010
4/20/2016,25.400
4/21/2016,32.848
4/22/2016,36.529
4/23/2016,40.776
4/24/2016,38.794
4/25/2016,37.661
4/26/2016,37.661
4/27/2016,37.945
4/28/2016,42.192
4/29/2016,42.758
4/30/2016,41.343
5/1/2016,46.723
5/2/2016,39.927
5/3/2016,46.156
5/4/2016,49.554
5/5/2016,41.059
5/6/2016,31.998
5/7/2016,30.016
5/8/2016,34.547
5/9/2016,43.042
5/10/2016,50.121
5/11/2016,50.404
5/12/2016,39.927
5/13/2016,23.956
5/14/2016,14.498
5/15/2016,10.392
5/16/2016,8.495
5/17/2016,7.532
5/18/2016,6.824
5/19/2016,6.343
5/20/2016,6.201
5/21/2016,5.833
5/22/2016,5.437
5/23/2016,5.154
5/24/2016,4.899
5/25/2016,4.644
5/26/2016,4.361
5/27/2016,4.361
5/28/2016,11.440
5/29/2016,15.093
5/30/2016,13.479
5/31/2016,12.233
6/1/2016,11.412
6/2/2016,14.102
6/3/2016,25.995
6/4/2016,51.820
6/5/2016,69.659
6/6/2016,67.394
6/7/2016,71.642
6/8/2016,73.907
6/9/2016,82.685
6/10/2016,104.772
6/11/2016,113.551
6/12/2016,97.410
6/13/2016,79.854
6/14/2016,63.430
6/15/2016,41.059
6/16/2016,24.466
6/17/2016,17.670
6/18/2016,15.178
6/19/2016,15.263
6/20/2016,15.971
6/21/2016,15.404
6/22/2016,12.205
6/23/2016,9.628
6/24/2016,8.552
6/25/2016,7.249
6/26/2016,6.541
6/27/2016,6.060
6/28/2016,5.437
6/29/2016,4.814
6/30/2016,4.417
7/1/2016,4.106
7/2/2016,3.681
7/3/2016,3.341
7/4/2016,3.058
7/5/2016,2.945
7/6/2016,2.888
7/7/2016,2.815
7/8/2016,2.684
7/9/2016,2.591
7/10/2016,2.492
7/11/2016,2.398
7/12/2016,2.345
7/13/2016,2.268
7/14/2016,2.229
7/15/2016,2.203
7/16/2016,2.172
7/17/2016,2.192
7/18/2016,2.129
7/19/2016,2.027
7/20/2016,2.019
7/21/2016,2.030
7/22/2016,1.940
7/23/2016,2.016
7/24/2016,2.056
7/25/2016,2.042
7/26/2016,2.574
7/27/2016,2.747
7/28/2016,2.803
7/29/2016,2.832
7/30/2016,2.724
7/31/2016,2.455
8/1/2016,2.274
8/2/2016,2.438
8/3/2016,2.786
8/4/2016,3.002
8/5/2016,2.772
8/6/2016,2.472
8/7/2016,2.237
8/8/2016,2.121
8/9/2016,1.945
8/10/2016,1.866
8/11/2016,1.835
8/12/2016,1.863
8/13/2016,11.808
8/14/2016,23.673
8/15/2016,24.069
8/16/2016,31.432
8/17/2016,166.786
8/18/2016,373.782
8/19/2016,302.990
8/20/2016,242.109
8/21/2016,208.695
8/22/2016,198.784
8/23/2016,173.016
8/24/2016,144.133
8/25/2016,126.293
8/26/2016,112.418
8/27/2016,102.224
8/28/2016,91.463
8/29/2016,75.040
8/30/2016,75.606
8/31/2016,65.695
9/1/2016,46.723
9/2/2016,39.360
9/3/2016,30.865
9/4/2016,21.832
9/5/2016,16.339
9/6/2016,17.500
9/7/2016,15.857
9/8/2016,10.392
9/9/2016,11.582
9/10/2016,9.430
9/11/2016,6.541
9/12/2016,15.971
9/13/2016,13.734
9/14/2016,8.580
9/15/2016,8.637
9/16/2016,7.306
9/17/2016,6.371
9/18/2016,5.890
9/19/2016,6.145
9/20/2016,6.088
9/21/2016,4.842
9/22/2016,4.049
9/23/2016,3.568
9/24/2016,3.256
9/25/2016,3.030
9/26/2016,2.860
9/27/2016,2.747
9/28/2016,2.656
9/29/2016,2.529
9/30/2016,2.393
10/1/2016,2.296
10/2/2016,2.214
10/3/2016,2.149
10/4/2016,2.095
10/5/2016,2.042
10/6/2016,1.994
10/7/2016,1.945
10/8/2016,1.897
10/9/2016,1.855
10/10/2016,1.815
10/11/2016,1.778
10/12/2016,1.750
10/13/2016,1.719
10/14/2016,1.688
10/15/2016,1.657
10/16/2016,1.628
10/17/2016,1.606
10/18/2016,1.577
10/19/2016,1.549
10/20/2016,1.538
10/21/2016,1.504
10/22/2016,1.472
10/23/2016,1.458
10/24/2016,1.444
10/25/2016,1.430
10/26/2016,1.413
10/27/2016,1.399
10/28/2016,1.388
10/29/2016,1.368
10/30/2016,1.354
10/31/2016,1.339
11/1/2016,1.322
11/2/2016,1.308
11/3/2016,1.291
11/4/2016,1.283
11/5/2016,1.274
11/6/2016,1.277
11/7/2016,1.263
11/8/2016,1.263
11/9/2016,1.260
11/10/2016,1.260
11/11/2016,1.252
11/12/2016,1.243
11/13/2016,1.246
11/14/2016,1.249
11/15/2016,1.237
11/16/2016,1.235
11/17/2016,1.220
11/18/2016,1.223
11/19/2016,1.252
11/20/2016,1.232
11/21/2016,1.215
11/22/2016,1.209
11/23/2016,1.237
11/24/2016,1.269
11/25/2016,1.303
11/26/2016,1.280
11/27/2016,1.277
11/28/2016,1.277
11/29/2016,1.342
11/30/2016,2.393
12/1/2016,8.240
12/2/2016,3.625
12/3/2016,4.389
12/4/2016,49.554
12/5/2016,107.887
12/6/2016,122.329
12/7/2016,129.125
12/8/2016,114.400
12/9/2016,91.180
12/10/2016,75.606
12/11/2016,67.677
12/12/2016,71.925
12/13/2016,78.154
12/14/2016,84.101
12/15/2016,86.366
12/16/2016,66.828
12/17/2016,38.794
12/18/2016,24.919
12/19/2016,35.396
12/20/2016,49.271
12/21/2016,51.253
12/22/2016,37.095
12/23/2016,23.814
12/24/2016,20.218
12/25/2016,18.661
12/26/2016,16.367
12/27/2016,13.337
12/28/2016,10.760
12/29/2016,9.741
12/30/2016,8.750
12/31/2016,7.787
1/1/2017,11.950
1/2/2017,17.471
1/3/2017,28.147
1/4/2017,30.582
1/5/2017,27.552
1/6/2017,24.664
1/7/2017,24.352
1/8/2017,28.062
1/9/2017,33.697
1/10/2017,39.360
1/11/2017,43.608
1/12/2017,44.741
1/13/2017,37.378
1/14/2017,25.797
1/15/2017,18.463
1/16/2017,14.413
1/17/2017,11.865
1/18/2017,10.222
1/19/2017,18.802
1/20/2017,42.192
1/21/2017,89.764
1/22/2017,110.436
1/23/2017,139.319
1/24/2017,328.475
1/25/2017,311.485
1/26/2017,237.578
1/27/2017,173.299
1/28/2017,125.160
1/29/2017,97.127
1/30/2017,78.721
1/31/2017,60.881
2/1/2017,41.343
2/2/2017,26.873
2/3/2017,19.482
2/4/2017,15.263
2/5/2017,12.318
2/6/2017,10.449
2/7/2017,9.288
2/8/2017,8.580
2/9/2017,7.646
2/10/2017,6.909
2/11/2017,6.286
2/12/2017,5.947
2/13/2017,5.578
2/14/2017,5.352
2/15/2017,5.295
2/16/2017,5.267
2/17/2017,5.040
2/18/2017,4.842
2/19/2017,4.729
2/20/2017,5.125
2/21/2017,22.115
2/22/2017,37.661
2/23/2017,34.547
2/24/2017,25.344
2/25/2017,20.643
2/26/2017,20.048
2/27/2017,19.822
2/28/2017,18.576
3/1/2017,16.424
3/2/2017,13.252
3/3/2017,10.279
3/4/2017,8.014
3/5/2017,6.796
3/6/2017,6.031
3/7/2017,5.607
3/8/2017,6.683
3/9/2017,20.473
3/10/2017,34.547
3/11/2017,33.697
3/12/2017,22.625
3/13/2017,19.114
3/14/2017,16.480
3/15/2017,13.507
3/16/2017,10.704
3/17/2017,8.523
3/18/2017,7.164
3/19/2017,6.286
3/20/2017,5.663
3/21/2017,5.182
3/22/2017,4.786
3/23/2017,4.417
3/24/2017,4.078
3/25/2017,4.049
3/26/2017,4.644
3/27/2017,4.644
3/28/2017,4.304
3/29/2017,4.361
3/30/2017,20.105
3/31/2017,44.457
4/1/2017,37.945
4/2/2017,18.802
4/3/2017,78.721
4/4/2017,160.557
4/5/2017,262.497
4/6/2017,761.723
4/7/2017,750.396
4/8/2017,424.753
4/9/2017,246.640
4/10/2017,158.858
4/11/2017,113.551
4/12/2017,99.109
4/13/2017,82.968
4/14/2017,57.200
4/15/2017,34.547
4/16/2017,22.597
4/17/2017,17.387
4/18/2017,14.951
4/19/2017,13.252
4/20/2017,11.468
4/21/2017,9.826
4/22/2017,9.175
4/23/2017,9.373
4/24/2017,8.807
4/25/2017,7.872
4/26/2017,7.391
4/27/2017,6.768
4/28/2017,5.805
4/29/2017,5.125
4/30/2017,39.360
5/1/2017,80.703
5/2/2017,64.562
5/3/2017,62.580
5/4/2017,155.176
5/5/2017,221.721
5/6/2017,204.731
5/7/2017,164.804
5/8/2017,121.196
5/9/2017,162.539
5/10/2017,189.440
5/11/2017,141.301
5/12/2017,107.038
5/13/2017,89.481
5/14/2017,62.580
5/15/2017,35.679
5/16/2017,21.011
5/17/2017,14.357
5/18/2017,10.534
5/19/2017,8.212
5/20/2017,6.853
5/21/2017,6.626
5/22/2017,10.534
5/23/2017,38.511
5/24/2017,47.289
5/25/2017,40.493
5/26/2017,30.016
5/27/2017,22.172
5/28/2017,21.096
5/29/2017,23.475
5/30/2017,34.547
5/31/2017,56.634
6/1/2017,68.244
6/2/2017,52.669
6/3/2017,32.848
6/4/2017,34.547
6/5/2017,155.743
6/6/2017,269.010
6/7/2017,243.242
6/8/2017,154.893
6/9/2017,87.499
6/10/2017,50.404
6/11/2017,39.644
6/12/2017,41.059
6/13/2017,45.873
6/14/2017,39.077
6/15/2017,28.600
6/16/2017,22.002
6/17/2017,17.047
6/18/2017,14.725
6/19/2017,14.272
6/20/2017,13.366
6/21/2017,11.213
6/22/2017,9.288
6/23/2017,8.325
6/24/2017,7.985
6/25/2017,11.751
6/26/2017,18.010
6/27/2017,25.145
6/28/2017,35.962
6/29/2017,52.103
6/30/2017,73.057
7/1/2017,76.739
7/2/2017,80.703
7/3/2017,73.907
7/4/2017,55.784
7/5/2017,32.848
7/6/2017,18.406
7/7/2017,12.120
7/8/2017,9.260
7/9/2017,7.815
7/10/2017,9.571
7/11/2017,14.470
7/12/2017,22.059
7/13/2017,21.323
7/14/2017,27.524
7/15/2017,22.738
7/16/2017,19.312
7/17/2017,17.132
7/18/2017,13.734
7/19/2017,13.252
7/20/2017,13.875
7/21/2017,13.139
7/22/2017,11.044
7/23/2017,10.392
7/24/2017,14.073
7/25/2017,11.270
7/26/2017,7.674
7/27/2017,7.306
7/28/2017,8.608
7/29/2017,8.891
7/30/2017,7.674
7/31/2017,6.456
8/1/2017,5.578
8/2/2017,4.927
8/3/2017,4.389
8/4/2017,4.021
8/5/2017,3.738
8/6/2017,3.540
8/7/2017,3.568
8/8/2017,3.596
8/9/2017,3.398
8/10/2017,3.964
8/11/2017,11.270
8/12/2017,18.519
8/13/2017,15.263
8/14/2017,13.309
8/15/2017,10.902
8/16/2017,12.912
8/17/2017,16.933
8/18/2017,19.822
8/19/2017,18.972
8/20/2017,15.603
8/21/2017,10.449
8/22/2017,7.419
8/23/2017,6.768
8/24/2017,8.410
8/25/2017,11.072
8/26/2017,9.798
8/27/2017,9.571
8/28/2017,46.440
8/29/2017,155.459
8/30/2017,216.058
8/31/2017,248.056
9/1/2017,252.586
9/2/2017,424.753
9/3/2017,637.129
9/4/2017,509.703
9/5/2017,325.644
9/6/2017,220.871
9/7/2017,151.212
9/8/2017,111.002
9/9/2017,86.650
9/10/2017,64.279
9/11/2017,41.343
9/12/2017,25.570
9/13/2017,17.925
9/14/2017,13.479
9/15/2017,10.704
9/16/2017,8.665
9/17/2017,7.391
9/18/2017,6.683
9/19/2017,6.088
9/20/2017,5.607
9/21/2017,5.154
9/22/2017,4.814
9/23/2017,4.531
9/24/2017,4.361
9/25/2017,4.163
9/26/2017,3.964
9/27/2017,3.823
9/28/2017,3.653
9/29/2017,3.483
9/30/2017,3.313
10/1/2017,3.200
10/2/2017,3.087
10/3/2017,2.973
10/4/2017,2.860
10/5/2017,2.784
10/6/2017,2.687
10/7/2017,2.608
10/8/2017,2.540
10/9/2017,2.469
10/10/2017,2.432
10/11/2017,2.418
10/12/2017,2.313
10/13/2017,2.254
10/14/2017,2.197
10/15/2017,2.144
10/16/2017,2.047
10/17/2017,2.008
10/18/2017,1.985
10/19/2017,1.962
10/20/2017,1.931
10/21/2017,1.914
10/22/2017,1.917
10/23/2017,1.957
10/24/2017,1.982
10/25/2017,1.945
10/26/2017,1.892
10/27/2017,1.937
10/28/2017,1.934
10/29/2017,1.962
10/30/2017,1.951
10/31/2017,1.923
11/1/2017,2.036
11/2/2017,2.280
11/3/2017,2.444
11/4/2017,2.447
11/5/2017,2.319
11/6/2017,2.322
11/7/2017,2.498
11/8/2017,2.481
11/9/2017,2.356
11/10/2017,2.260
11/11/2017,2.166
11/12/2017,2.087
11/13/2017,2.016
11/14/2017,1.962
11/15/2017,1.914
11/16/2017,1.886
11/17/2017,1.843
11/18/2017,1.809
11/19/2017,1.775
11/20/2017,1.750
11/21/2017,1.736
11/22/2017,1.736
11/23/2017,1.710
11/24/2017,1.693
11/25/2017,1.674
11/26/2017,1.665
11/27/2017,1.654
11/28/2017,1.640
11/29/2017,1.637
11/30/2017,1.617
12/1/2017,1.600
12/2/2017,1.586
12/3/2017,1.574
12/4/2017,1.543
12/5/2017,1.529
12/6/2017,1.555
12/7/2017,1.577
12/8/2017,1.620
12/9/2017,1.640
12/10/2017,1.631
12/11/2017,1.773
12/12/2017,2.172
12/13/2017,2.339
12/14/2017,2.328
12/15/2017,2.240
12/16/2017,2.098
12/17/2017,2.112
12/18/2017,2.189
12/19/2017,2.090
12/20/2017,2.042
12/21/2017,2.152
12/22/2017,2.056
12/23/2017,2.282
12/24/2017,2.472
12/25/2017,2.500
12/26/2017,2.608
12/27/2017,2.917
12/28/2017,3.087
12/29/2017,3.058
12/30/2017,2.829
12/31/2017,2.659
1/1/2018,2.667
1/2/2018,2.917
1/3/2018,3.087
1/4/2018,3.087
1/5/2018,2.917
1/6/2018,2.693
1/7/2018,2.526
1/8/2018,4.248
1/9/2018,7.108
1/10/2018,5.635
1/11/2018,5.437
1/12/2018,12.828
1/13/2018,16.622
1/14/2018,14.328
1/15/2018,11.270
1/16/2018,10.251
1/17/2018,11.015
1/18/2018,11.213
1/19/2018,10.222
1/20/2018,8.552
1/21/2018,6.739
1/22/2018,5.437
1/23/2018,4.814
1/24/2018,11.242
1/25/2018,15.999
1/26/2018,11.412
1/27/2018,17.925
1/28/2018,44.174
1/29/2018,50.121
1/30/2018,50.404
1/31/2018,47.289
2/1/2018,37.095
2/2/2018,33.131
2/3/2018,33.131
2/4/2018,34.547
2/5/2018,35.962
2/6/2018,31.715
2/7/2018,30.865
2/8/2018,42.758
2/9/2018,43.891
2/10/2018,51.537
2/11/2018,115.816
2/12/2018,133.939
2/13/2018,139.602
2/14/2018,128.842
2/15/2018,109.586
2/16/2018,110.719
2/17/2018,148.663
2/18/2018,145.832
2/19/2018,116.949
2/20/2018,94.012
2/21/2018,73.624
2/22/2018,57.483
2/23/2018,48.139
2/24/2018,43.042
2/25/2018,57.766
2/26/2018,314.317
2/27/2018,487.050
2/28/2018,447.406
3/1/2018,461.565
3/2/2018,475.723
3/3/2018,339.802
3/4/2018,232.764
3/5/2018,160.840
3/6/2018,126.010
3/7/2018,118.081
3/8/2018,99.109
3/9/2018,80.137
3/10/2018,58.899
3/11/2018,47.006
3/12/2018,44.457
3/13/2018,44.174
3/14/2018,43.891
3/15/2018,41.343
3/16/2018,36.812
3/17/2018,33.131
3/18/2018,31.149
3/19/2018,29.450
3/20/2018,26.023
3/21/2018,24.947
3/22/2018,31.998
3/23/2018,42.758
3/24/2018,55.501
3/25/2018,66.828
3/26/2018,72.491
3/27/2018,67.960
3/28/2018,52.669
3/29/2018,40.210
3/30/2018,61.731
3/31/2018,95.145
4/1/2018,404.931
4/2/2018,634.297
4/3/2018,430.416
4/4/2018,261.364
4/5/2018,176.414
4/6/2018,127.143
4/7/2018,107.887
4/8/2018,101.657
4/9/2018,82.119
4/10/2018,60.032
4/11/2018,49.271
4/12/2018,46.723
4/13/2018,49.271
4/14/2018,55.501
4/15/2018,59.749
4/16/2018,54.652
4/17/2018,40.776
4/18/2018,28.317
4/19/2018,21.238
4/20/2018,17.330
4/21/2018,14.442
4/22/2018,15.744
4/23/2018,27.694
4/24/2018,32.281
4/25/2018,35.962
4/26/2018,33.414
4/27/2018,32.564
4/28/2018,33.697
4/29/2018,29.733
4/30/2018,21.351
5/1/2018,14.838
5/2/2018,11.015
5/3/2018,8.807
5/4/2018,7.391
5/5/2018,6.570
5/6/2018,5.918
5/7/2018,5.409
5/8/2018,5.012
5/9/2018,4.786
5/10/2018,4.644
5/11/2018,4.616
5/12/2018,5.097
5/13/2018,5.437
5/14/2018,5.040
5/15/2018,4.446
5/16/2018,3.964
5/17/2018,3.653
5/18/2018,3.398
5/19/2018,3.200
5/20/2018,3.002
5/21/2018,2.832
5/22/2018,2.707
5/23/2018,2.602
5/24/2018,2.509
5/25/2018,2.427
5/26/2018,2.367
5/27/2018,2.481
5/28/2018,2.605
5/29/2018,3.002
5/30/2018,3.285
5/31/2018,3.596
6/1/2018,3.794
6/2/2018,3.710
6/3/2018,3.285
6/4/2018,3.143
6/5/2018,3.002
6/6/2018,2.710
6/7/2018,2.481
6/8/2018,2.328
6/9/2018,2.226
6/10/2018,2.178
6/11/2018,2.172
6/12/2018,2.180
6/13/2018,2.084
6/14/2018,2.039
6/15/2018,2.044
6/16/2018,1.954
6/17/2018,1.906
6/18/2018,1.894
6/19/2018,1.860
6/20/2018,1.832
6/21/2018,1.824
6/22/2018,1.804
6/23/2018,1.781
6/24/2018,1.756
6/25/2018,1.733
6/26/2018,1.693
6/27/2018,1.688
6/28/2018,1.659
6/29/2018,1.620
6/30/2018,1.566
7/1/2018,1.506
7/2/2018,1.475
7/3/2018,1.481
7/4/2018,1.583
7/5/2018,1.744
7/6/2018,2.036
7/7/2018,2.670
7/8/2018,1.991
7/9/2018,1.875
7/10/2018,2.013
7/11/2018,2.687
7/12/2018,3.511
7/13/2018,2.945
7/14/2018,2.469
7/15/2018,2.381
7/16/2018,2.183
7/17/2018,1.971
7/18/2018,1.826
7/19/2018,1.724
7/20/2018,1.674
7/21/2018,1.642
7/22/2018,1.577
7/23/2018,1.529
7/24/2018,1.467
7/25/2018,1.402
7/26/2018,1.356
7/27/2018,1.314
7/28/2018,1.322
7/29/2018,1.277
7/30/2018,1.288
7/31/2018,1.243
8/1/2018,1.254
8/2/2018,1.271
8/3/2018,1.269
8/4/2018,1.260
8/5/2018,1.696
8/6/2018,1.722
8/7/2018,1.920
8/8/2018,2.146
8/9/2018,2.061
8/10/2018,2.090
8/11/2018,2.489
8/12/2018,3.087
8/13/2018,2.438
8/14/2018,2.050
8/15/2018,1.883
8/16/2018,1.792
8/17/2018,1.758
8/18/2018,1.736
8/19/2018,1.685
8/20/2018,1.625
8/21/2018,1.577
8/22/2018,1.521
8/23/2018,1.498
8/24/2018,1.464
8/25/2018,1.433
8/26/2018,1.402
8/27/2018,1.413
8/28/2018,1.543
8/29/2018,1.430
8/30/2018,1.461
8/31/2018,1.405
9/1/2018,1.399
9/2/2018,1.433
9/3/2018,1.560
9/4/2018,1.538
9/5/2018,1.894
9/6/2018,1.934
9/7/2018,1.792
9/8/2018,1.744
9/9/2018,1.739
9/10/2018,2.161
9/11/2018,2.421
9/12/2018,2.566
9/13/2018,2.724
9/14/2018,3.087
9/15/2018,3.511
9/16/2018,5.324
9/17/2018,4.814
9/18/2018,3.256
9/19/2018,2.815
9/20/2018,3.058
9/21/2018,3.936
9/22/2018,2.917
9/23/2018,2.758
9/24/2018,2.551
9/25/2018,2.449
9/26/2018,2.475
9/27/2018,2.860
9/28/2018,4.786
9/29/2018,4.899
9/30/2018,5.069
10/1/2018,6.116
10/2/2018,7.023
10/3/2018,6.570
10/4/2018,5.522
10/5/2018,4.587
10/6/2018,3.964
10/7/2018,3.596
10/8/2018,3.341
10/9/2018,3.143
10/10/2018,3.483
10/11/2018,11.497
10/12/2018,12.035
10/13/2018,15.291
10/14/2018,20.615
10/15/2018,21.861
10/16/2018,22.314
10/17/2018,20.870
10/18/2018,16.622
10/19/2018,11.808
10/20/2018,13.790
10/21/2018,18.236
10/22/2018,21.861
10/23/2018,25.230
10/24/2018,27.637
10/25/2018,25.598
10/26/2018,18.717
10/27/2018,12.176
10/28/2018,8.976
10/29/2018,7.929
10/30/2018,7.702
10/31/2018,7.532
11/1/2018,8.750
11/2/2018,10.732
11/3/2018,11.185
11/4/2018,17.896
11/5/2018,23.531
11/6/2018,26.250
11/7/2018,31.149
11/8/2018,40.776
11/9/2018,52.953
11/10/2018,52.103
11/11/2018,45.307
11/12/2018,37.661
11/13/2018,42.758
11/14/2018,34.263
11/15/2018,26.958
11/16/2018,25.004
11/17/2018,27.581
11/18/2018,39.927
11/19/2018,62.863
11/20/2018,77.305
11/21/2018,75.323
11/22/2018,61.731
11/23/2018,41.059
11/24/2018,26.816
11/25/2018,21.408
11/26/2018,18.548
11/27/2018,16.112
11/28/2018,13.819
11/29/2018,11.780
11/30/2018,10.109
12/1/2018,9.033
12/2/2018,8.184
12/3/2018,7.334
12/4/2018,6.739
12/5/2018,6.711
12/6/2018,7.815
12/7/2018,8.835
12/8/2018,17.330
12/9/2018,43.325
12/10/2018,54.652
12/11/2018,49.271
12/12/2018,43.891
12/13/2018,47.572
12/14/2018,76.455
12/15/2018,120.913
12/16/2018,130.824
12/17/2018,106.188
12/18/2018,81.836
12/19/2018,60.032
12/20/2018,45.024
12/21/2018,41.343
12/22/2018,39.360
12/23/2018,35.679
12/24/2018,32.281
12/25/2018,30.299
12/26/2018,29.733
12/27/2018,37.661
12/28/2018,71.925
12/29/2018,91.463
12/30/2018,89.764
12/31/2018,86.366
1/1/2019,120.913
1/2/2019,166.786
1/3/2019,225.119
1/4/2019,308.654
1/5/2019,339.802
1/6/2019,390.772
1/7/2019,438.911
1/8/2019,356.792
1/9/2019,258.533
1/10/2019,186.608
1/11/2019,135.071
1/12/2019,106.471
1/13/2019,86.933
1/14/2019,66.828
1/15/2019,47.572
1/16/2019,35.962
1/17/2019,31.715
1/18/2019,30.865
1/19/2019,33.131
1/20/2019,44.741
1/21/2019,45.873
1/22/2019,42.758
1/23/2019,48.705
1/24/2019,87.782
1/25/2019,114.400
1/26/2019,131.957
1/27/2019,131.107
1/28/2019,113.267
1/29/2019,101.941
1/30/2019,103.356
1/31/2019,100.525
2/1/2019,91.747
2/2/2019,75.323
2/3/2019,55.501
2/4/2019,40.210
2/5/2019,31.715
2/6/2019,26.505
2/7/2019,22.852
2/8/2019,20.190
2/9/2019,18.151
2/10/2019,16.622
2/11/2019,15.489
2/12/2019,17.387
2/13/2019,23.645
2/14/2019,22.002
2/15/2019,19.255
2/16/2019,18.491
2/17/2019,18.208
2/18/2019,16.509
2/19/2019,14.555
2/20/2019,13.592
2/21/2019,17.641
2/22/2019,20.020
2/23/2019,23.928
2/24/2019,28.005
2/25/2019,31.432
2/26/2019,37.661
2/27/2019,51.537
2/28/2019,62.014
3/1/2019,62.297
3/2/2019,57.766
3/3/2019,47.855
3/4/2019,38.511
3/5/2019,31.432
3/6/2019,27.269
3/7/2019,24.607
3/8/2019,22.257
3/9/2019,19.652
3/10/2019,16.820
3/11/2019,14.158
3/12/2019,12.091
3/13/2019,10.732
3/14/2019,9.968
3/15/2019,9.458
3/16/2019,8.438
3/17/2019,7.985
3/18/2019,7.702
3/19/2019,7.334
3/20/2019,6.739
3/21/2019,6.116
3/22/2019,5.635
3/23/2019,5.239
3/24/2019,4.927
3/25/2019,4.644
3/26/2019,4.417
3/27/2019,4.219
3/28/2019,4.021
3/29/2019,3.823
3/30/2019,3.710
3/31/2019,3.653
4/1/2019,3.511
4/2/2019,3.341
4/3/2019,3.200
4/4/2019,3.568
4/5/2019,15.008
4/6/2019,19.454
4/7/2019,12.544
4/8/2019,35.396
4/9/2019,67.960
4/10/2019,79.287
4/11/2019,82.119
4/12/2019,117.232
4/13/2019,223.420
4/14/2019,241.260
4/15/2019,210.394
4/16/2019,162.539
4/17/2019,124.594
4/18/2019,97.976
4/19/2019,94.012
4/20/2019,91.747
4/21/2019,82.968
4/22/2019,74.473
4/23/2019,62.863
4/24/2019,52.669
4/25/2019,54.935
4/26/2019,89.481
4/27/2019,105.056
4/28/2019,76.172
4/29/2019,38.228
4/30/2019,29.166
5/1/2019,29.733
5/2/2019,30.865
5/3/2019,28.600
5/4/2019,23.305
5/5/2019,26.306
5/6/2019,23.701
5/7/2019,18.944
5/8/2019,15.093
5/9/2019,20.558
5/10/2019,164.521
5/11/2019,311.485
5/12/2019,286.000
5/13/2019,339.802
5/14/2019,311.485
5/15/2019,262.214
5/16/2019,207.846
5/17/2019,157.725
5/18/2019,122.895
5/19/2019,119.780
5/20/2019,146.398
5/21/2019,144.982
5/22/2019,137.903
5/23/2019,99.392
5/24/2019,77.305
5/25/2019,95.145
5/26/2019,109.303
5/27/2019,99.675
5/28/2019,80.420
5/29/2019,54.935
5/30/2019,30.865
5/31/2019,18.661
6/1/2019,13.167
6/2/2019,9.345
6/3/2019,7.051
6/4/2019,5.748
6/5/2019,5.578
6/6/2019,47.572
6/7/2019,44.741
6/8/2019,20.926
6/9/2019,10.760
6/10/2019,7.051
6/11/2019,5.805
6/12/2019,5.097
6/13/2019,4.531
6/14/2019,4.078
6/15/2019,3.766
6/16/2019,3.511
6/17/2019,3.341
6/18/2019,3.143
6/19/2019,3.002
6/20/2019,2.888
6/21/2019,2.767
6/22/2019,2.707
6/23/2019,2.648
6/24/2019,2.662
6/25/2019,2.594
6/26/2019,2.591
6/27/2019,2.599
6/28/2019,2.602
6/29/2019,2.888
6/30/2019,3.256
7/1/2019,3.426
7/2/2019,3.483
7/3/2019,3.398
7/4/2019,3.285
7/5/2019,3.313
7/6/2019,3.879
7/7/2019,4.899
7/8/2019,5.069
7/9/2019,4.757
7/10/2019,4.332
7/11/2019,3.653
7/12/2019,3.115
7/13/2019,2.792
7/14/2019,13.111
7/15/2019,253.153
7/16/2019,291.664
7/17/2019,166.786
7/18/2019,84.667
7/19/2019,36.812
7/20/2019,19.652
7/21/2019,14.668
7/22/2019,33.980
7/23/2019,39.077
7/24/2019,34.830
7/25/2019,20.983
7/26/2019,11.525
7/27/2019,7.419
7/28/2019,8.014
7/29/2019,12.006
7/30/2019,66.828
7/31/2019,262.497
8/1/2019,191.988
8/2/2019,121.479
8/3/2019,75.323
8/4/2019,49.271
8/5/2019,37.378
8/6/2019,25.768
8/7/2019,16.424
8/8/2019,11.242
8/9/2019,8.580
8/10/2019,6.683
8/11/2019,5.352
8/12/2019,4.417
8/13/2019,3.766
8/14/2019,3.483
8/15/2019,3.200
8/16/2019,2.973
8/17/2019,2.860
8/18/2019,2.761
8/19/2019,2.662
8/20/2019,2.611
8/21/2019,2.769
8/22/2019,2.549
8/23/2019,2.591
8/24/2019,2.738
8/25/2019,2.860
8/26/2019,2.653
8/27/2019,2.478
8/28/2019,2.325
8/29/2019,2.186
8/30/2019,2.104
8/31/2019,2.152
9/1/2019,2.090
9/2/2019,1.999
9/3/2019,1.943
9/4/2019,1.894
9/5/2019,1.866
9/6/2019,1.826
9/7/2019,1.764
9/8/2019,1.708
9/9/2019,1.674
9/10/2019,1.662
9/11/2019,1.662
9/12/2019,1.611
9/13/2019,1.583
9/14/2019,1.557
9/15/2019,1.535
9/16/2019,1.526
9/17/2019,1.521
9/18/2019,1.532
9/19/2019,1.574
9/20/2019,1.637
9/21/2019,1.784
9/22/2019,1.775
9/23/2019,1.665
9/24/2019,1.637
9/25/2019,1.617
9/26/2019,1.597
9/27/2019,1.563
9/28/2019,1.518
9/29/2019,1.484
9/30/2019,1.450
10/1/2019,1.422
10/2/2019,1.393
10/3/2019,1.368
10/4/2019,1.339
10/5/2019,1.317
10/6/2019,1.308
10/7/2019,1.308
10/8/2019,1.283
10/9/2019,1.269
10/10/2019,1.257
10/11/2019,1.252
10/12/2019,1.226
10/13/2019,1.218
10/14/2019,1.478
10/15/2019,1.773
10/16/2019,2.684
10/17/2019,3.228
10/18/2019,2.532
10/19/2019,1.968
10/20/2019,1.787
10/21/2019,2.059
10/22/2019,8.467
10/23/2019,10.307
10/24/2019,4.955
10/25/2019,3.087
10/26/2019,2.888
10/27/2019,3.398
10/28/2019,3.171
10/29/2019,2.888
10/30/2019,3.568
10/31/2019,5.635
11/1/2019,12.205
11/2/2019,11.129
11/3/2019,9.061
11/4/2019,11.355
11/5/2019,14.923
11/6/2019,18.038
11/7/2019,20.190
11/8/2019,20.020
11/9/2019,15.942
11/10/2019,9.939
11/11/2019,6.315
11/12/2019,4.672
11/13/2019,3.908
11/14/2019,3.455
11/15/2019,3.171
11/16/2019,2.973
11/17/2019,2.801
11/18/2019,2.670
11/19/2019,2.566
11/20/2019,2.478
11/21/2019,2.401
11/22/2019,2.415
11/23/2019,2.475
11/24/2019,4.248
11/25/2019,3.483
11/26/2019,2.945
11/27/2019,2.945
11/28/2019,4.446
11/29/2019,6.909
11/30/2019,8.976
12/1/2019,9.118
12/2/2019,7.702
12/3/2019,6.428
12/4/2019,5.550
12/5/2019,4.786
12/6/2019,4.078
12/7/2019,3.568
12/8/2019,3.171
12/9/2019,2.945
12/10/2019,2.747
12/11/2019,2.648
12/12/2019,2.577
12/13/2019,2.495
12/14/2019,2.410
12/15/2019,2.345
12/16/2019,2.650
12/17/2019,3.794
12/18/2019,6.116
12/19/2019,8.184
12/20/2019,13.281
12/21/2019,18.491
12/22/2019,19.255
12/23/2019,14.498
12/24/2019,9.316
12/25/2019,6.768
12/26/2019,5.465
12/27/2019,4.644
12/28/2019,4.078
12/29/2019,3.766
12/30/2019,5.012
12/31/2019,9.231
1/1/2020,7.900
1/2/2020,9.090
1/3/2020,29.733
1/4/2020,49.554
1/5/2020,49.838
1/6/2020,42.758
1/7/2020,36.812
1/8/2020,35.679
1/9/2020,35.962
1/10/2020,36.529
1/11/2020,42.192
1/12/2020,48.988
1/13/2020,45.307
1/14/2020,44.741
1/15/2020,48.422
1/16/2020,58.333
1/17/2020,58.333
1/18/2020,54.935
1/19/2020,62.580
1/20/2020,80.703
1/21/2020,94.578
1/22/2020,94.012
1/23/2020,90.897
1/24/2020,95.428
1/25/2020,81.836
1/26/2020,60.881
1/27/2020,52.953
1/28/2020,52.669
1/29/2020,54.935
1/30/2020,56.917
1/31/2020,56.067
2/1/2020,54.085
2/2/2020,49.554
2/3/2020,44.741
2/4/2020,41.059
2/5/2020,37.095
2/6/2020,32.564
2/7/2020,27.269
2/8/2020,23.050
2/9/2020,20.558
2/10/2020,21.719
2/11/2020,34.830
2/12/2020,47.006
2/13/2020,82.119
2/14/2020,106.755
2/15/2020,107.887
2/16/2020,91.747
2/17/2020,71.358
2/18/2020,64.279
2/19/2020,62.863
2/20/2020,61.164
2/21/2020,57.766
2/22/2020,49.838
2/23/2020,42.192
2/24/2020,37.945
2/25/2020,44.174
2/26/2020,50.404
2/27/2020,54.368
2/28/2020,56.634
2/29/2020,53.236
3/1/2020,44.741
3/2/2020,37.095
3/3/2020,31.715
3/4/2020,26.561
3/5/2020,24.919
3/6/2020,24.437
3/7/2020,21.719
3/8/2020,21.238
3/9/2020,24.664
3/10/2020,29.733
3/11/2020,35.679
3/12/2020,41.626
3/13/2020,44.741
3/14/2020,40.493
3/15/2020,29.450
3/16/2020,21.408
3/17/2020,17.132
3/18/2020,14.272
3/19/2020,12.035
3/20/2020,10.307
3/21/2020,9.571
3/22/2020,17.585
3/23/2020,33.414
3/24/2020,43.608
3/25/2020,51.253
3/26/2020,82.968
3/27/2020,149.230
3/28/2020,151.212
3/29/2020,117.232
3/30/2020,91.180
3/31/2020,70.509
4/1/2020,47.855
4/2/2020,29.166
4/3/2020,19.737
4/4/2020,15.688
4/5/2020,13.252
4/6/2020,11.582
4/7/2020,10.222
4/8/2020,8.807
4/9/2020,7.589
4/10/2020,8.099
4/11/2020,12.120
4/12/2020,10.619
4/13/2020,7.561
4/14/2020,7.334
4/15/2020,10.166
4/16/2020,11.751
4/17/2020,10.024
4/18/2020,7.617
4/19/2020,6.286
4/20/2020,5.692
4/21/2020,5.069
4/22/2020,4.474
4/23/2020,5.154
4/24/2020,15.404
4/25/2020,18.831
4/26/2020,21.408
4/27/2020,28.883
4/28/2020,39.077
4/29/2020,65.695
4/30/2020,97.976
5/1/2020,101.657
5/2/2020,75.889
5/3/2020,53.802
5/4/2020,53.519
5/5/2020,60.598
5/6/2020,69.659
5/7/2020,73.057
5/8/2020,66.261
5/9/2020,54.085
5/10/2020,33.414
5/11/2020,23.390
5/12/2020,23.022
5/13/2020,26.306
5/14/2020,30.299
5/15/2020,35.113
5/16/2020,41.059
5/17/2020,41.343
5/18/2020,32.848
5/19/2020,25.513
5/20/2020,20.190
5/21/2020,17.217
5/22/2020,17.103
5/23/2020,16.509
5/24/2020,16.197
5/25/2020,19.680
5/26/2020,39.077
5/27/2020,57.200
5/28/2020,62.297
5/29/2020,65.129
5/30/2020,61.164
5/31/2020,46.440
6/1/2020,36.529
6/2/2020,31.998
6/3/2020,26.703
6/4/2020,19.255
6/5/2020,12.941
6/6/2020,9.288
6/7/2020,7.306
6/8/2020,6.428
6/9/2020,7.192
6/10/2020,9.288
6/11/2020,11.808
6/12/2020,11.383
6/13/2020,8.184
6/14/2020,5.748
6/15/2020,4.672
6/16/2020,4.134
6/17/2020,3.653
6/18/2020,3.256
6/19/2020,2.973
6/20/2020,2.684
6/21/2020,2.464
6/22/2020,2.376
6/23/2020,3.087
6/24/2020,10.336
6/25/2020,12.969
6/26/2020,12.035
6/27/2020,12.063
6/28/2020,12.431
6/29/2020,12.799
6/30/2020,13.281
7/1/2020,15.319
7/2/2020,16.622
7/3/2020,14.583
7/4/2020,10.336
7/5/2020,7.872
7/6/2020,7.023
7/7/2020,9.231
7/8/2020,13.734
7/9/2020,21.266
7/10/2020,22.653
7/11/2020,19.567
7/12/2020,21.436
7/13/2020,28.883
7/14/2020,35.679
7/15/2020,32.564
7/16/2020,20.785
7/17/2020,11.100
7/18/2020,6.881
7/19/2020,5.239
7/20/2020,4.389
7/21/2020,3.879
7/22/2020,3.455
7/23/2020,3.087
7/24/2020,2.888
7/25/2020,2.696
7/26/2020,2.537
7/27/2020,2.407
7/28/2020,2.551
7/29/2020,2.650
7/30/2020,2.492
7/31/2020,2.537
8/1/2020,2.744
8/2/2020,7.051
8/3/2020,13.139
8/4/2020,11.072
8/5/2020,6.683
8/6/2020,5.777
8/7/2020,6.088
8/8/2020,5.352
8/9/2020,4.163
8/10/2020,3.426
8/11/2020,2.917
8/12/2020,2.597
8/13/2020,2.379
8/14/2020,2.127
8/15/2020,1.960
8/16/2020,1.900
8/17/2020,1.988
8/18/2020,1.906
8/19/2020,1.775
8/20/2020,1.634
8/21/2020,1.543
8/22/2020,1.478
8/23/2020,1.436
8/24/2020,1.405
8/25/2020,1.467
8/26/2020,1.563
8/27/2020,9.826
8/28/2020,30.582
8/29/2020,41.626
8/30/2020,52.953
8/31/2020,58.899
9/1/2020,50.970
9/2/2020,43.608
9/3/2020,42.192
9/4/2020,43.042
9/5/2020,53.519
9/6/2020,66.261
9/7/2020,67.677
9/8/2020,59.465
9/9/2020,50.687
9/10/2020,42.758
9/11/2020,34.547
9/12/2020,26.618
9/13/2020,20.105
9/14/2020,15.404
9/15/2020,12.035
9/16/2020,10.024
9/17/2020,8.750
9/18/2020,7.985
9/19/2020,7.419
9/20/2020,6.683
9/21/2020,5.918
9/22/2020,5.522
9/23/2020,5.692
9/24/2020,12.120
9/25/2020,38.794
9/26/2020,71.358
9/27/2020,92.596
9/28/2020,82.968
9/29/2020,82.119
9/30/2020,99.109
10/1/2020,135.355
10/2/2020,167.069
10/3/2020,154.610
10/4/2020,128.275
10/5/2020,105.339
10/6/2020,87.782
10/7/2020,76.455
10/8/2020,70.226
10/9/2020,94.861
10/10/2020,475.723
10/11/2020,795.703
10/12/2020,682.436
10/13/2020,441.743
10/14/2020,438.911
10/15/2020,484.218
10/16/2020,379.446
10/17/2020,265.329
10/18/2020,182.927
10/19/2020,128.558
10/20/2020,100.242
10/21/2020,83.252
10/22/2020,70.226
10/23/2020,60.315
10/24/2020,52.386
10/25/2020,46.440
10/26/2020,38.794
10/27/2020,30.582
10/28/2020,25.004
10/29/2020,21.549
10/30/2020,19.397
10/31/2020,18.123
11/1/2020,16.424
11/2/2020,14.866
11/3/2020,13.762
11/4/2020,13.196
11/5/2020,12.601
11/6/2020,11.836
11/7/2020,10.959
11/8/2020,10.222
11/9/2020,9.599
11/10/2020,8.920
11/11/2020,8.353
11/12/2020,7.844
11/13/2020,7.391
11/14/2020,7.079
11/15/2020,6.711
11/16/2020,6.400
11/17/2020,6.145
11/18/2020,5.918
11/19/2020,5.692
11/20/2020,5.493
11/21/2020,5.324
11/22/2020,5.154
11/23/2020,4.955
11/24/2020,4.814
11/25/2020,4.786
11/26/2020,5.182
11/27/2020,5.975
11/28/2020,6.909
11/29/2020,12.714
11/30/2020,26.136
12/1/2020,32.564
12/2/2020,34.263
12/3/2020,33.414
12/4/2020,36.246
12/5/2020,42.475
12/6/2020,43.891
12/7/2020,41.909
12/8/2020,39.360
12/9/2020,36.529
12/10/2020,33.414
12/11/2020,30.016
12/12/2020,28.317
12/13/2020,33.980
12/14/2020,43.042
12/15/2020,54.652
12/16/2020,64.279
12/17/2020,71.358
12/18/2020,71.642
12/19/2020,69.093
12/20/2020,89.481
12/21/2020,113.551
12/22/2020,128.275
12/23/2020,131.673
12/24/2020,133.372
12/25/2020,131.957
12/26/2020,121.479
12/27/2020,109.586
12/28/2020,95.145
12/29/2020,81.553
12/30/2020,73.624
12/31/2020,70.792
1/1/2021,70.226
1/2/2021,68.810
1/3/2021,64.562
1/4/2021,60.032
1/5/2021,55.784
1/6/2021,50.687
1/7/2021,45.873
1/8/2021,41.626
1/9/2021,37.945
1/10/2021,35.962
1/11/2021,42.192
1/12/2021,55.501
1/13/2021,59.749
1/14/2021,58.616
1/15/2021,55.218
1/16/2021,50.404
1/17/2021,45.590
1/18/2021,43.608
1/19/2021,42.475
1/20/2021,41.343
1/21/2021,39.644
1/22/2021,42.758
1/23/2021,59.465
1/24/2021,68.244
1/25/2021,72.774
1/26/2021,76.455
1/27/2021,73.057
1/28/2021,68.810
1/29/2021,80.137
1/30/2021,100.525
1/31/2021,102.224
2/1/2021,88.915
2/2/2021,74.190
2/3/2021,62.580
2/4/2021,52.953
2/5/2021,43.891
2/6/2021,35.396
2/7/2021,28.005
2/8/2021,22.823
2/9/2021,19.312
2/10/2021,16.849
2/11/2021,18.831
2/12/2021,42.192
2/13/2021,50.404
2/14/2021,50.970
2/15/2021,50.404
2/16/2021,47.006
2/17/2021,46.723
2/18/2021,73.624
2/19/2021,88.349
2/20/2021,94.861
2/21/2021,100.242
2/22/2021,96.560
2/23/2021,88.065
2/24/2021,84.951
2/25/2021,88.349
2/26/2021,93.446
2/27/2021,91.463
2/28/2021,82.968
3/1/2021,72.491
3/2/2021,64.562
3/3/2021,62.297
3/4/2021,61.448
3/5/2021,54.085
3/6/2021,46.440
3/7/2021,42.475
3/8/2021,40.493
3/9/2021,39.644
3/10/2021,40.776
3/11/2021,43.042
3/12/2021,44.741
3/13/2021,44.741
3/14/2021,42.192
3/15/2021,37.095
3/16/2021,30.865
3/17/2021,24.834
3/18/2021,21.889
3/19/2021,29.166
3/20/2021,37.945
3/21/2021,41.909
3/22/2021,38.228
3/23/2021,30.865
3/24/2021,26.986
3/25/2021,20.671
3/26/2021,16.990
3/27/2021,14.725
3/28/2021,13.082
3/29/2021,12.346
3/30/2021,11.836
3/31/2021,11.440
4/1/2021,10.732
4/2/2021,13.167
4/3/2021,19.539
4/4/2021,19.878
4/5/2021,15.319
4/6/2021,10.959
4/7/2021,9.005
4/8/2021,11.298
4/9/2021,17.556
4/10/2021,19.340
4/11/2021,19.709
4/12/2021,23.899
4/13/2021,31.998
4/14/2021,55.501
4/15/2021,50.121
4/16/2021,51.537
4/17/2021,86.083
4/18/2021,90.048
4/19/2021,75.606
4/20/2021,65.978
4/21/2021,54.935
4/22/2021,47.289
4/23/2021,45.307
4/24/2021,63.713
4/25/2021,146.115
4/26/2021,250.321
4/27/2021,242.392
4/28/2021,193.404
4/29/2021,245.507
4/30/2021,278.071
5/1/2021,221.155
5/2/2021,158.858
5/3/2021,118.648
5/4/2021,98.826
5/5/2021,106.188
5/6/2021,103.923
5/7/2021,91.747
5/8/2021,104.489
5/9/2021,132.523
5/10/2021,167.919
5/11/2021,219.739
5/12/2021,283.168
5/13/2021,257.117
5/14/2021,219.739
5/15/2021,231.915
5/16/2021,251.170
5/17/2021,244.658
5/18/2021,252.869
5/19/2021,235.313
5/20/2021,227.951
5/21/2021,251.170
5/22/2021,227.101
5/23/2021,251.170
5/24/2021,265.046
5/25/2021,224.269
5/26/2021,229.366
5/27/2021,225.119
5/28/2021,182.360
5/29/2021,141.584
5/30/2021,120.063
5/31/2021,94.012
6/1/2021,77.022
6/2/2021,66.261
6/3/2021,54.085
6/4/2021,46.440
6/5/2021,50.970
6/6/2021,53.802
6/7/2021,48.988
6/8/2021,45.590
6/9/2021,45.024
6/10/2021,42.192
6/11/2021,40.493
6/12/2021,39.644
6/13/2021,37.661
6/14/2021,34.263
6/15/2021,30.299
6/16/2021,26.731
6/17/2021,23.475
6/18/2021,20.105
6/19/2021,16.849
6/20/2021,14.272
6/21/2021,13.224
6/22/2021,43.891
6/23/2021,48.705
6/24/2021,29.166
6/25/2021,20.133
6/26/2021,14.045
6/27/2021,11.525
6/28/2021,13.111
6/29/2021,17.840
6/30/2021,16.367
7/1/2021,13.479
7/2/2021,12.176
7/3/2021,22.172
7/4/2021,18.916
7/5/2021,11.865
7/6/2021,10.845
7/7/2021,10.137
7/8/2021,9.288
7/9/2021,8.891
7/10/2021,8.552
7/11/2021,8.693
7/12/2021,17.273
7/13/2021,42.758
7/14/2021,52.669
7/15/2021,49.554
7/16/2021,43.891
7/17/2021,34.547
7/18/2021,27.864
7/19/2021,24.381
7/20/2021,32.564
7/21/2021,48.139
7/22/2021,62.297
7/23/2021,61.731
7/24/2021,41.059
7/25/2021,26.505
7/26/2021,20.983
7/27/2021,19.737
7/28/2021,26.561
7/29/2021,22.314
7/30/2021,17.953
7/31/2021,16.537
8/1/2021,12.941
8/2/2021,10.647
8/3/2021,11.015
8/4/2021,11.836
8/5/2021,10.817
8/6/2021,9.373
8/7/2021,8.070
8/8/2021,7.617
8/9/2021,7.787
8/10/2021,8.467
8/11/2021,8.948
8/12/2021,8.184
8/13/2021,7.277
8/14/2021,6.598
8/15/2021,6.258
8/16/2021,6.173
8/17/2021,6.031
8/18/2021,5.720
8/19/2021,5.380
8/20/2021,5.097
8/21/2021,4.984
8/22/2021,4.899
8/23/2021,4.842
8/24/2021,4.701
8/25/2021,4.587
8/26/2021,4.616
8/27/2021,4.531
8/28/2021,4.389
8/29/2021,4.191
8/30/2021,4.049
8/31/2021,3.964
9/1/2021,3.964
9/2/2021,4.163
9/3/2021,4.361
9/4/2021,4.332
9/5/2021,4.163
9/6/2021,4.531
9/7/2021,4.927
9/8/2021,5.550
9/9/2021,5.550
9/10/2021,4.870
9/11/2021,4.531
9/12/2021,4.502
9/13/2021,4.446
9/14/2021,6.768
9/15/2021,67.677
9/16/2021,101.941
9/17/2021,106.755
9/18/2021,129.125
9/19/2021,113.267
9/20/2021,66.828
9/21/2021,36.246
9/22/2021,24.891
9/23/2021,20.586
9/24/2021,16.990
9/25/2021,14.328
9/26/2021,11.751
9/27/2021,9.373
9/28/2021,8.155
9/29/2021,7.985
9/30/2021,20.416
10/1/2021,62.014
10/2/2021,84.384
10/3/2021,76.455
10/4/2021,56.351
10/5/2021,43.608
10/6/2021,37.095
10/7/2021,29.450
10/8/2021,21.039
10/9/2021,14.866
10/10/2021,11.072
10/11/2021,8.948
10/12/2021,7.646
10/13/2021,6.711
10/14/2021,6.060
10/15/2021,5.578
10/16/2021,5.182
10/17/2021,4.842
10/18/2021,4.587
10/19/2021,4.332
10/20/2021,4.163
10/21/2021,4.021
10/22/2021,3.908
10/23/2021,3.794
10/24/2021,3.710
10/25/2021,3.596
10/26/2021,3.511
10/27/2021,3.823
10/28/2021,4.219
10/29/2021,6.485
10/30/2021,7.136
10/31/2021,6.485
11/1/2021,5.578
11/2/2021,5.380
11/3/2021,5.182
11/4/2021,4.870
11/5/2021,4.502
11/6/2021,4.219
11/7/2021,3.993
11/8/2021,3.851
11/9/2021,3.738
11/10/2021,3.681
11/11/2021,3.681
11/12/2021,3.653
11/13/2021,3.596
11/14/2021,3.568
11/15/2021,3.568
11/16/2021,3.540
11/17/2021,3.681
11/18/2021,3.766
11/19/2021,3.681
11/20/2021,3.540
11/21/2021,3.455
11/22/2021,3.370
11/23/2021,3.256
11/24/2021,3.200
11/25/2021,3.115
11/26/2021,3.058
11/27/2021,3.030
11/28/2021,3.002
11/29/2021,2.973
11/30/2021,2.945
12/1/2021,2.917
12/2/2021,2.888
12/3/2021,2.860
12/4/2021,2.860
12/5/2021,2.832
12/6/2021,2.888
12/7/2021,3.058
12/8/2021,3.285
12/9/2021,4.729
12/10/2021,9.260
12/11/2021,13.309
12/12/2021,15.433
12/13/2021,16.650
12/14/2021,16.990
12/15/2021,15.914
12/16/2021,13.394
12/17/2021,11.157
12/18/2021,10.279
12/19/2021,11.610
12/20/2021,12.573
12/21/2021,15.178
12/22/2021,19.369
12/23/2021,21.209
12/24/2021,21.379
12/25/2021,21.492
12/26/2021,21.153
12/27/2021,19.510
12/28/2021,16.820
12/29/2021,13.762
12/30/2021,11.100
12/31/2021,9.146
1/1/2022,7.844
1/2/2022,6.994
1/3/2022,6.315
1/4/2022,5.862
1/5/2022,5.522
1/6/2022,5.239
1/7/2022,5.210
1/8/2022,5.465
1/9/2022,5.465
1/10/2022,5.267
1/11/2022,5.040
1/12/2022,5.947
1/13/2022,9.090
1/14/2022,11.780
1/15/2022,13.337
1/16/2022,13.847
1/17/2022,13.167
1/18/2022,11.893
1/19/2022,10.336
1/20/2022,9.316
1/21/2022,8.240
1/22/2022,7.447
1/23/2022,7.164
1/24/2022,7.957
1/25/2022,9.430
1/26/2022,12.997
1/27/2022,16.792
1/28/2022,20.048
1/29/2022,22.852
1/30/2022,25.117
1/31/2022,26.873
2/1/2022,27.751
2/2/2022,26.759
2/3/2022,23.616
2/4/2022,21.549
2/5/2022,19.850
2/6/2022,18.604
2/7/2022,19.312
2/8/2022,19.793
2/9/2022,20.870
2/10/2022,22.965
2/11/2022,25.853
2/12/2022,29.450
2/13/2022,32.848
2/14/2022,35.113
2/15/2022,33.697
2/16/2022,26.788
2/17/2022,18.774
2/18/2022,13.592
2/19/2022,11.383
2/20/2022,9.939
2/21/2022,9.458
2/22/2022,9.458
2/23/2022,9.571
2/24/2022,9.571
2/25/2022,9.684
2/26/2022,9.118
2/27/2022,8.665
2/28/2022,8.127
3/1/2022,7.504
3/2/2022,6.909
3/3/2022,6.513
3/4/2022,6.258
3/5/2022,6.088
3/6/2022,6.003
3/7/2022,5.947
3/8/2022,6.003
3/9/2022,7.051
3/10/2022,10.421
3/11/2022,11.667
3/12/2022,15.178
3/13/2022,18.831
3/14/2022,22.059
3/15/2022,28.883
3/16/2022,47.006
3/17/2022,65.412
3/18/2022,90.614
3/19/2022,117.232
3/20/2022,131.107
3/21/2022,135.355
3/22/2022,126.576
3/23/2022,143.000
3/24/2022,157.442
3/25/2022,176.131
3/26/2022,173.299
3/27/2022,127.992
3/28/2022,95.994
3/29/2022,75.889
3/30/2022,65.695
3/31/2022,69.659
4/1/2022,75.040
4/2/2022,75.040
4/3/2022,69.943
4/4/2022,61.448
4/5/2022,49.838
4/6/2022,41.626
4/7/2022,37.095
4/8/2022,34.830
4/9/2022,33.131
4/10/2022,31.998
4/11/2022,31.715
4/12/2022,30.865
4/13/2022,28.883
4/14/2022,30.299
4/15/2022,49.838
4/16/2022,59.749
4/17/2022,62.014
4/18/2022,52.953
4/19/2022,43.042
4/20/2022,37.095
4/21/2022,34.547
4/22/2022,32.281
4/23/2022,30.582
4/24/2022,28.600
4/25/2022,26.051
4/26/2022,22.031
4/27/2022,17.273
4/28/2022,12.516
4/29/2022,9.203
4/30/2022,7.362
5/1/2022,6.230
5/2/2022,5.720
5/3/2022,7.589
5/4/2022,8.778
5/5/2022,7.815
5/6/2022,8.920
5/7/2022,12.318
5/8/2022,14.866
5/9/2022,14.017
5/10/2022,12.516
5/11/2022,12.516
5/12/2022,13.139
5/13/2022,12.912
5/14/2022,11.723
5/15/2022,10.052
5/16/2022,8.155
5/17/2022,6.201
5/18/2022,4.701
5/19/2022,3.823
5/20/2022,3.313
5/21/2022,2.973
5/22/2022,3.285
5/23/2022,4.276
5/24/2022,3.823
5/25/2022,3.936
5/26/2022,4.814
5/27/2022,3.993
5/28/2022,3.200
5/29/2022,2.789
5/30/2022,2.526
5/31/2022,2.347
6/1/2022,2.217
6/2/2022,2.144
6/3/2022,2.178
6/4/2022,2.512
6/5/2022,2.398
6/6/2022,2.135
6/7/2022,1.965
6/8/2022,1.843
6/9/2022,1.741
6/10/2022,1.665
6/11/2022,1.608
6/12/2022,1.563
6/13/2022,1.501
6/14/2022,1.444
6/15/2022,1.388
6/16/2022,1.376
6/17/2022,1.388
6/18/2022,1.382
6/19/2022,1.339
6/20/2022,1.393
6/21/2022,1.342
6/22/2022,1.246
6/23/2022,1.203
6/24/2022,1.220
6/25/2022,1.167
6/26/2022,1.121
6/27/2022,1.076
6/28/2022,1.048
6/29/2022,1.025
6/30/2022,1.025
7/1/2022,1.056
7/2/2022,1.093
7/3/2022,1.073
7/4/2022,1.039
7/5/2022,1.002
7/6/2022,1.104
7/7/2022,1.164
7/8/2022,1.102
7/9/2022,0.983
7/10/2022,0.977
7/11/2022,0.934
7/12/2022,0.906
7/13/2022,0.881
7/14/2022,0.866
7/15/2022,0.866
7/16/2022,0.847
7/17/2022,0.799
7/18/2022,0.779
7/19/2022,0.765
7/20/2022,0.782
7/21/2022,0.864
7/22/2022,0.852
7/23/2022,0.872
7/24/2022,0.946
7/25/2022,0.940
7/26/2022,0.923
7/27/2022,0.838
7/28/2022,0.818
7/29/2022,0.818
7/30/2022,0.872
7/31/2022,0.960
8/1/2022,0.974
8/2/2022,1.736
8/3/2022,1.555
8/4/2022,1.543
8/5/2022,1.489
8/6/2022,1.634
8/7/2022,1.229
8/8/2022,1.076
8/9/2022,1.051
8/10/2022,1.005
8/11/2022,1.002
8/12/2022,1.011
8/13/2022,0.954
8/14/2022,0.917
8/15/2022,0.886
8/16/2022,0.881
8/17/2022,0.912
8/18/2022,0.903
8/19/2022,0.886
8/20/2022,0.878
8/21/2022,0.881
8/22/2022,0.903
8/23/2022,1.158
8/24/2022,3.766
8/25/2022,12.997
8/26/2022,22.087
8/27/2022,25.315
8/28/2022,31.998
8/29/2022,28.175
8/30/2022,24.381
8/31/2022,16.452
9/1/2022,13.224
9/2/2022,11.412
9/3/2022,20.586
9/4/2022,30.865
9/5/2022,21.379
9/6/2022,9.571
9/7/2022,7.391
9/8/2022,9.430
9/9/2022,10.675
9/10/2022,9.175
9/11/2022,7.504
9/12/2022,6.258
9/13/2022,5.465
9/14/2022,5.040
9/15/2022,4.502
9/16/2022,3.681
9/17/2022,2.973
9/18/2022,2.532
9/19/2022,2.217
9/20/2022,1.982
9/21/2022,1.795
9/22/2022,1.654
9/23/2022,1.538
9/24/2022,1.436
9/25/2022,1.356
9/26/2022,1.283
9/27/2022,1.226
9/28/2022,1.178
9/29/2022,1.133
9/30/2022,1.110
10/1/2022,1.079
10/2/2022,1.053
10/3/2022,1.028
10/4/2022,1.011
10/5/2022,0.991
10/6/2022,0.974
10/7/2022,0.957
10/8/2022,0.926
10/9/2022,0.909
10/10/2022,0.903
10/11/2022,0.889
10/12/2022,0.869
10/13/2022,0.866
10/14/2022,0.872
10/15/2022,0.850
10/16/2022,0.841
10/17/2022,0.841
10/18/2022,0.835
10/19/2022,0.841
10/20/2022,0.838
10/21/2022,0.841
10/22/2022,0.830
10/23/2022,0.818
10/24/2022,0.807
10/25/2022,0.824
10/26/2022,0.821
10/27/2022,0.827
10/28/2022,0.824
10/29/2022,0.827
10/30/2022,0.818
10/31/2022,0.816
11/1/2022,0.827
11/2/2022,0.838
11/3/2022,0.835
11/4/2022,0.821
11/5/2022,0.994
11/6/2022,1.121
11/7/2022,1.036
11/8/2022,0.966
11/9/2022,0.980
11/10/2022,0.994
11/11/2022,1.031
11/12/2022,1.246
11/13/2022,1.433
11/14/2022,1.356
11/15/2022,1.393
11/16/2022,1.413
11/17/2022,1.422
11/18/2022,1.557
11/19/2022,1.716
11/20/2022,1.767
11/21/2022,1.815
11/22/2022,1.832
11/23/2022,1.761
11/24/2022,2.067
11/25/2022,7.023
11/26/2022,11.044
11/27/2022,17.641
11/28/2022,16.282
11/29/2022,11.582
11/30/2022,8.240
12/1/2022,6.003
12/2/2022,5.465
12/3/2022,5.465
12/4/2022,5.239
12/5/2022,4.870
12/6/2022,4.446
12/7/2022,3.964
12/8/2022,3.455
12/9/2022,2.917
12/10/2022,2.498
12/11/2022,7.391
12/12/2022,12.884
12/13/2022,10.137
12/14/2022,21.549
12/15/2022,46.440
12/16/2022,55.784
12/17/2022,52.953
12/18/2022,38.511
12/19/2022,27.014
12/20/2022,39.360
12/21/2022,57.483
12/22/2022,71.075
12/23/2022,77.588
12/24/2022,70.509
12/25/2022,58.333
12/26/2022,48.422
12/27/2022,45.873
12/28/2022,46.723
12/29/2022,48.139
12/30/2022,53.236
12/31/2022,61.448
1/1/2023,64.562
1/2/2023,58.899
1/3/2023,56.917
1/4/2023,65.695
1/5/2023,64.279
1/6/2023,62.580
1/7/2023,69.093
1/8/2023,80.137
1/9/2023,108.737
1/10/2023,120.630
1/11/2023,107.321
1/12/2023,80.986
1/13/2023,62.014
1/14/2023,48.988
1/15/2023,39.077
1/16/2023,31.998
1/17/2023,27.467
1/18/2023,24.607
1/19/2023,25.202
1/20/2023,26.703
1/21/2023,22.937
1/22/2023,34.547
1/23/2023,40.210
1/24/2023,44.741
1/25/2023,117.515
1/26/2023,160.273
1/27/2023,152.911
1/28/2023,142.717
1/29/2023,127.426
1/30/2023,169.618
1/31/2023,199.917
2/1/2023,196.236
2/2/2023,187.741
2/3/2023,178.113
2/4/2023,157.159
2/5/2023,136.487
2/6/2023,122.046
2/7/2023,122.612
2/8/2023,134.222
2/9/2023,202.465
2/10/2023,211.810
2/11/2023,176.980
2/12/2023,143.566
2/13/2023,123.461
2/14/2023,104.772
2/15/2023,92.030
2/16/2023,85.800
2/17/2023,92.879
2/18/2023,94.578
2/19/2023,88.632
2/20/2023,83.252
2/21/2023,76.739
2/22/2023,69.376
2/23/2023,62.297
2/24/2023,53.519
2/25/2023,43.042
2/26/2023,33.697
2/27/2023,27.071
2/28/2023,22.653
3/1/2023,19.369
3/2/2023,16.622
3/3/2023,14.243
3/4/2023,12.205
3/5/2023,10.647
3/6/2023,9.458
3/7/2023,8.523
3/8/2023,7.929
3/9/2023,7.985
3/10/2023,8.552
3/11/2023,9.345
3/12/2023,9.373
3/13/2023,8.523
3/14/2023,7.391
3/15/2023,6.428
3/16/2023,5.805
3/17/2023,16.169
3/18/2023,48.988
3/19/2023,56.351
3/20/2023,50.404
3/21/2023,40.493
3/22/2023,33.980
3/23/2023,29.733
3/24/2023,27.354
3/25/2023,24.551
3/26/2023,21.436
3/27/2023,18.831
3/28/2023,20.105
3/29/2023,21.266
3/30/2023,16.849
3/31/2023,12.573
4/1/2023,10.534
4/2/2023,9.260
4/3/2023,8.184
4/4/2023,7.079
4/5/2023,6.201
4/6/2023,5.493
4/7/2023,8.269
4/8/2023,20.133
4/9/2023,27.071
4/10/2023,27.043
4/11/2023,24.296
4/12/2023,22.682
4/13/2023,23.928
4/14/2023,26.646
4/15/2023,30.865
4/16/2023,42.192
4/17/2023,48.705
4/18/2023,52.103
4/19/2023,47.572
4/20/2023,35.113
4/21/2023,23.220
4/22/2023,18.604
4/23/2023,15.234
4/24/2023,12.544
4/25/2023,11.213
4/26/2023,10.336
4/27/2023,10.647
4/28/2023,11.468
4/29/2023,10.109
4/30/2023,9.118
5/1/2023,7.589
5/2/2023,7.079
5/3/2023,6.938
5/4/2023,6.371
5/5/2023,6.003
5/6/2023,6.145
5/7/2023,6.513
5/8/2023,7.108
5/9/2023,6.315
5/10/2023,8.920
5/11/2023,16.537
5/12/2023,13.989
5/13/2023,9.345
5/14/2023,7.108
5/15/2023,7.079
5/16/2023,7.730
5/17/2023,7.787
5/18/2023,7.023
5/19/2023,5.833
5/20/2023,4.984
5/21/2023,4.304
5/22/2023,3.738
5/23/2023,3.370
5/24/2023,3.087
5/25/2023,2.832
5/26/2023,2.625
5/27/2023,2.432
5/28/2023,2.280
5/29/2023,2.152
5/30/2023,2.067
5/31/2023,2.022
6/1/2023,1.920
6/2/2023,1.841
6/3/2023,1.920
6/4/2023,2.132
6/5/2023,2.203
6/6/2023,2.121
6/7/2023,1.982
6/8/2023,1.943
6/9/2023,2.047
6/10/2023,2.248
6/11/2023,2.073
6/12/2023,2.067
6/13/2023,2.347
6/14/2023,2.682
6/15/2023,2.888
6/16/2023,2.625
6/17/2023,2.248
6/18/2023,2.008
6/19/2023,1.843
6/20/2023,1.719
6/21/2023,1.676
6/22/2023,2.353
6/23/2023,2.002
6/24/2023,3.285
6/25/2023,7.504
6/26/2023,10.591
6/27/2023,10.137
6/28/2023,7.023
6/29/2023,4.531
6/30/2023,3.200
7/1/2023,2.611
7/2/2023,2.308
7/3/2023,2.087
7/4/2023,1.928
7/5/2023,1.809
7/6/2023,1.826
7/7/2023,1.838
7/8/2023,2.112
7/9/2023,1.869
7/10/2023,1.702
7/11/2023,1.583
